,words,polarity_score,count_up,count_down,total
0,북핵/NNG,1.8883755325157652,30.0,22.0,52.0
1,과열국면/NNG,1.3848087238448945,12.0,12.0,24.0
2,급매/NNG,1.3848087238448947,11.0,11.0,22.0
3,만좌/NNG,2.967447265381917,15.0,7.0,22.0
4,자본력/NNG,1.4713592690852002,17.0,16.0,33.0
5,총자본비율/NNG,1.827947515475261,66.0,50.0,116.0
6,상하방/NNG,1.3848087238448945,74.0,74.0,148.0
7,기업/NNG;실적/NNG;호조/NNG,2.0772130857673416,15.0,10.0,25.0
8,예금은행/NNG,1.5548729530890044,64.0,57.0,121.0
9,표결/NNG,1.3143947209375269,56.0,59.0,115.0
10,중장기채/NNG,1.4771293054345545,16.0,15.0,31.0
11,사견/NNG,1.5579098143255063,9.0,8.0,17.0
12,공포/NNG,1.61996492223365,62.0,53.0,115.0
13,분업/NNG,2.0772130857673416,12.0,8.0,20.0
14,제안/NNG,2.2216501247060023,746.0,465.0,1211.0
15,한경/NNG,1.510700426012612,132.0,121.0,253.0
16,취약국/NNG,1.9174274637852389,18.0,13.0,31.0
17,ecb/NNG;금리/NNG;인상/NNG,1.9782981769212775,20.0,14.0,34.0
18,아래쪽/NNG,2.0772130857673416,18.0,12.0,30.0
19,qfii/NNG,7.847249435121069,17.0,3.0,20.0
20,주요주주/NNG,2.0002792677759587,13.0,9.0,22.0
21,현수/NNG,3.774720553706244,169.0,62.0,231.0
22,표표/NNG,5.612119565055624,77.0,19.0,96.0
23,기대/NNG;금리/NNG;하락/NNG,1.938732213382852,14.0,10.0,24.0
24,기평/NNG,1.5447173524643971,483.0,433.0,916.0
25,낙찰금액/NNG,1.6156101778190437,28.0,24.0,52.0
26,갇힌/VV,1.731010904806118,10.0,8.0,18.0
27,해소/NNG,1.336096859187034,768.0,796.0,1564.0
28,gdp/NNG;개선/NNG,1.5386763598276605,10.0,9.0,19.0
29,장기추세/NNG,1.3401374746886074,30.0,31.0,61.0
30,경상/NNG;수지/NNG;개선/NNG,2.1926138127544164,19.0,12.0,31.0
31,투자금융/NNG,1.3848087238448945,16.0,16.0,32.0
32,부동자금/NNG,3.3235409372277465,12.0,5.0,17.0
33,심리/NNG;위축/NNG,1.4402010727986905,26.0,25.0,51.0
34,짊어지/VV,76.16447981146919,55.0,1.0,56.0
35,요구수익률/NNG,2.0002792677759587,13.0,9.0,22.0
36,압승/NNG,1.8883755325157652,15.0,11.0,26.0
37,행간/NNG,1.938732213382852,35.0,25.0,60.0
38,다가선/VV,2.0772130857673416,12.0,8.0,20.0
39,기승/NNG,1.8464116317931925,12.0,9.0,21.0
40,예상/NNG;낮/VA,1.603462732873036,22.0,19.0,41.0
41,한국인/NNG,2.571787629997661,13.0,7.0,20.0
42,반기/NNG,1.53318108711399,62.0,56.0,118.0
43,하늘/NNG,1.6617704686138732,12.0,10.0,22.0
44,중대재해/NNG,2.596516357209177,15.0,8.0,23.0
45,순이익/NNG;감소/NNG,2.1926138127544164,19.0,12.0,31.0
46,착시/NNG,1.523289596229384,11.0,10.0,21.0
47,gdp/NNG;갭/NNG;플러스/NNG,2.1926138127544164,19.0,12.0,31.0
48,우려/NNG;금리/NNG;상승/NNG,1.5579098143255063,9.0,8.0,17.0
49,자원배분/NNG,1.5579098143255063,9.0,8.0,17.0
50,시납/NNG,1.9782981769212775,10.0,7.0,17.0
51,오디세이아/NNG,5.07763198743128,22.0,6.0,28.0
52,가격결정/NNG,2.0002792677759587,13.0,9.0,22.0
53,성장/NNG;경로/NNG;불확실성/NNG,1.5386763598276605,10.0,9.0,19.0
54,바우처/NNG,1.3848087238448945,10.0,10.0,20.0
55,주유소/NNG,6.577841438263248,38.0,8.0,46.0
56,플레이션/NNG,3.80822399057346,33.0,12.0,45.0
57,낙찰률/NNG,1.8109037157971697,17.0,13.0,30.0
58,금전신탁/NNG,1.333519511850639,52.0,54.0,106.0
59,단기물/NNG;금리/NNG;상승/NNG,1.4913324718329632,14.0,13.0,27.0
60,인구비중/NNG,2.023951211773307,19.0,13.0,32.0
61,보임/NNG,2.176127994613405,55.0,35.0,90.0
62,대용/NNG,3.692823263586386,16.0,6.0,22.0
63,버냉키쇼크/NNG,1.3848087238448945,21.0,21.0,42.0
64,철강/NNG,1.3005618052839882,494.0,526.0,1020.0
65,중국은행/NNG,2.892711556476001,94.0,45.0,139.0
66,조원/NNG,1.340282425644572,3281.0,3390.0,6671.0
67,주택차압/NNG,2.4234152667285653,14.0,8.0,22.0
68,구성항목/NNG,1.5579098143255063,27.0,24.0,51.0
69,할지라도/VV,2.769617447689789,14.0,7.0,21.0
70,차감/NNG,1.4402010727986905,52.0,50.0,102.0
71,비난/NNG,1.3848087238448945,18.0,18.0,36.0
72,저축성/NNG,1.459260805772039,294.0,279.0,573.0
73,당황/NNG,1.938732213382852,14.0,10.0,24.0
74,신정/NNG,2.769617447689789,14.0,7.0,21.0
75,불플래트닝/NNG,2.040770750929318,28.0,19.0,47.0
76,수익창출/NNG,1.573646277096471,75.0,66.0,141.0
77,최저가/NNG,1.9174274637852389,18.0,13.0,31.0
78,쓰이/VV,1.318865451280852,20.0,21.0,41.0
79,재정절벽/NNG,2.4287414541279686,114.0,65.0,179.0
80,탄핵/NNG,1.9862913008684344,142.0,99.0,241.0
81,치마/NNG,3.824709808714471,58.0,21.0,79.0
82,자산/NNG;확대/NNG,1.5579098143255063,9.0,8.0,17.0
83,소강/NNG,1.3370566988847257,28.0,29.0,57.0
84,수요견인/NNG,1.4662680605416532,36.0,34.0,70.0
85,행복/NNG,1.487387147833405,29.0,27.0,56.0
86,워크/NNG,3.231220355638087,14.0,6.0,20.0
87,조정안/NNG,1.3848087238448945,14.0,14.0,28.0
88,설비/NNG;투자/NNG;증가/NNG,1.5107004260126122,12.0,11.0,23.0
89,기업체/NNG,1.5826385415370223,16.0,14.0,30.0
90,지급여력비율/NNG,1.938732213382852,14.0,10.0,24.0
91,스프/NNG,1.6779434172135217,166.0,137.0,303.0
92,수출금액/NNG,1.569449887024214,17.0,15.0,32.0
93,부동산투자회사/NNG,1.3848087238448945,14.0,14.0,28.0
94,장초/NNG,2.4971960593924325,220.0,122.0,342.0
95,비경쟁인수/NNG,1.4617425418362773,19.0,18.0,37.0
96,은행법/NNG,1.3848087238448945,25.0,25.0,50.0
97,롤오버/NNG,1.4142727392458496,48.0,47.0,95.0
98,부동산정책/NNG,2.30801453974149,15.0,9.0,24.0
99,바뀐다/VV,60.93158384917536,44.0,1.0,45.0
100,유난히/MAG,2.014267234683483,16.0,11.0,27.0
101,하락/NNG;축소/NNG,2.4234152667285653,14.0,8.0,22.0
102,미시/NNG,1.8028641876471267,69.0,53.0,122.0
103,급전/NNG,1.3848087238448945,16.0,16.0,32.0
104,글로벌/NNG;경기/NNG;회복/NNG,1.5232895962293842,33.0,30.0,63.0
105,이관/NNG,1.6235688486457385,34.0,29.0,63.0
106,개개/NNG,1.6617704686138732,12.0,10.0,22.0
107,나눠/VV,1.831521215407764,41.0,31.0,72.0
108,금리/NNG;인상/NNG;충격/NNG,1.5579098143255063,9.0,8.0,17.0
109,인선/NNG,1.5826385415370223,16.0,14.0,30.0
110,대외/NNG;불안/NNG,2.0772130857673416,12.0,8.0,20.0
111,스트레스/NNG,1.4913324718329637,84.0,78.0,162.0
112,경제/NNG;양호/NNG;성장/NNG,1.5579098143255063,9.0,8.0,17.0
113,개선/NNG;더디/VA,1.731010904806118,10.0,8.0,18.0
114,기준율/NNG,1.3848087238448945,12.0,12.0,24.0
115,경기/NNG;완만/NNG;회복/NNG,2.769617447689789,12.0,6.0,18.0
116,위험/NNG;크/VV,1.3848087238448945,19.0,19.0,38.0
117,고정비/NNG;부담/NNG,1.8002513409983627,13.0,10.0,23.0
118,버퍼/NNG,1.644460359565812,19.0,16.0,35.0
119,삽입/NNG,1.9387322133828528,21.0,15.0,36.0
120,제1금융권/NNG,1.4713592690852002,17.0,16.0,33.0
121,카드/NNG,1.986107248672283,436.0,304.0,740.0
122,신화/NNG,1.846411631793193,16.0,12.0,28.0
123,캡틴/NNG,24.9265570292081,18.0,1.0,19.0
124,유입자금/NNG,2.1401589368512006,17.0,11.0,28.0
125,금리/NNG;되돌/VV,1.5305780631969887,21.0,19.0,40.0
126,시장지배력/NNG,1.4713592690852002,17.0,16.0,33.0
127,손해율/NNG,3.659851627304364,111.0,42.0,153.0
128,흡수력/NNG,1.90411199528673,22.0,16.0,38.0
129,발표문/NNG,1.318865451280852,20.0,21.0,41.0
130,소비자동향조사/NNG,1.426772624567467,34.0,33.0,67.0
131,고용창출/NNG,1.5305780631969887,84.0,76.0,160.0
132,기시/NNG,6.370120129686514,23.0,5.0,28.0
133,채권/NNG;금리/NNG;상승/NNG,1.3052220155779464,82.0,87.0,169.0
134,소득/NNG;증가/NNG,1.7106460706319286,21.0,17.0,38.0
135,행순/NNG,2.9234850836725546,19.0,9.0,28.0
136,예상밖/NNG,1.3328783967007107,77.0,80.0,157.0
137,도발/NNG,1.9567949358677856,65.0,46.0,111.0
138,재협상/NNG,1.4045917056141073,71.0,70.0,141.0
139,경기민감업종/NNG,1.7624838303480477,42.0,33.0,75.0
140,투자/NNG;부담/NNG,1.62918673393517,20.0,17.0,37.0
141,문재/NNG,1.8464116317931925,12.0,9.0,21.0
142,바라/VV,1.4666383302539108,466.0,440.0,906.0
143,후순위채/NNG,1.8019197852439592,216.0,166.0,382.0
144,최종결제/NNG,2.0772130857673416,12.0,8.0,20.0
145,오퍼/NNG,1.90411199528673,11.0,8.0,19.0
146,단기성/NNG,2.53881599371564,77.0,42.0,119.0
147,유로3/NNG,1.5526643267351847,37.0,33.0,70.0
148,구속/NNG,1.3848087238448945,21.0,21.0,42.0
149,저하/NNG;추세/NNG,1.8109037157971697,17.0,13.0,30.0
150,금리/NNG;인상/NNG;어렵/VA,1.8464116317931925,24.0,18.0,42.0
151,치였/VV,1.3218628727610358,21.0,22.0,43.0
152,전략팀/NNG,2.53881599371564,11.0,6.0,17.0
153,오일허브/NNG,2.03874617677165,53.0,36.0,89.0
154,현역/NNG,1.3848087238448945,9.0,9.0,18.0
155,불균형/NNG,1.3687062968234422,170.0,172.0,342.0
156,기물/NNG,1.5107004260126122,24.0,22.0,46.0
157,채미/NNG,4.643182191715234,57.0,17.0,74.0
158,소매/NNG;판매/NNG;호조/NNG,1.3848087238448945,9.0,9.0,18.0
159,일중/NNG,1.4771293054345545,32.0,30.0,62.0
160,비지표물/NNG,1.8883755325157652,15.0,11.0,26.0
161,전강후약/NNG,2.192613812754416,57.0,36.0,93.0
162,외인/NNG,1.3154003642019003,1175.0,1237.0,2412.0
163,외생/NNG,1.817561450046424,21.0,16.0,37.0
164,원자재기업/NNG,5.539234895379578,16.0,4.0,20.0
165,금리/NNG;인상/NNG;부담/NNG,1.3848087238448947,11.0,11.0,22.0
166,잔존가치/NNG,6.093158384917536,22.0,5.0,27.0
167,합친/VV,2.0002792677759587,13.0,9.0,22.0
168,중중/NNG,1.577143268823352,41.0,36.0,77.0
169,불확실성/NNG;감소/NNG,2.3739578123055334,12.0,7.0,19.0
170,투자/NNG;모멘텀/NNG,1.523289596229384,11.0,10.0,21.0
171,모면/NNG,2.9080983200742785,21.0,10.0,31.0
172,신약/NNG,1.3848087238448947,29.0,29.0,58.0
173,가뜩이나/MAG,1.5386763598276605,10.0,9.0,19.0
174,경기/NNG;모멘텀/NNG;둔화/NNG,1.523289596229384,22.0,20.0,42.0
175,비금융사/NNG,4.500628352495907,13.0,4.0,17.0
176,보험회사/NNG,1.5445943458269975,29.0,26.0,55.0
177,원원/NNG,2.556569951713651,24.0,13.0,37.0
178,고갈/NNG,2.0772130857673416,18.0,12.0,30.0
179,이미/MAG;금리/NNG;인상/NNG,1.6156101778190437,14.0,12.0,26.0
180,환원/NNG,1.806272248493341,90.0,69.0,159.0
181,제조업/NNG;경기/NNG;회복/NNG,1.3848087238448945,9.0,9.0,18.0
182,관리감독/NNG,1.5002094508319692,13.0,12.0,25.0
183,국제/NNG;원자재/NNG;가격/NNG;상승/NNG,1.90411199528673,11.0,8.0,19.0
184,우대형/NNG,2.176127994613406,11.0,7.0,18.0
185,상담사/NNG,7.385646527172772,16.0,3.0,19.0
186,괴리율/NNG,2.895509149857507,23.0,11.0,34.0
187,디레버리징/NNG,1.3245996488951164,110.0,115.0,225.0
188,참가/NNG,1.3650257420756815,69.0,70.0,139.0
189,단기물/NNG;강세/NNG,1.426772624567467,34.0,33.0,67.0
190,우량등급/NNG,1.3674261875623228,472.0,478.0,950.0
191,에너지제외지수/NNG,1.3415334512247414,31.0,32.0,63.0
192,채권시장/NNG;금리/NNG;인상/NNG,2.215693958151831,16.0,10.0,26.0
193,의료보험/NNG,1.3848087238448945,13.0,13.0,26.0
194,집중도/NNG,3.981325081054072,23.0,8.0,31.0
195,주어진/VV,1.4913324718329632,14.0,13.0,27.0
196,재정위기/NNG;우려/NNG,3.0004189016639384,26.0,12.0,38.0
197,양당/NNG,1.563493720470042,35.0,31.0,66.0
198,흔하/VA,1.5386763598276605,10.0,9.0,19.0
199,자본/NNG;유출/NNG;우려/NNG,1.5386763598276605,10.0,9.0,19.0
200,배당수익률/NNG,1.4177803601269157,86.0,84.0,170.0
201,상호기금/NNG,2.3739578123055334,12.0,7.0,19.0
202,정식/NNG,3.5609367184583003,18.0,7.0,25.0
203,고정자산/NNG,1.5487992306160006,85.0,76.0,161.0
204,수입/NNG;감소/NNG,1.6925439958104267,22.0,18.0,40.0
205,채권시장/NNG;우려/NNG,3.3235409372277465,12.0,5.0,17.0
206,개방/NNG,1.3141552175262772,93.0,98.0,191.0
207,맹점/NNG,3.0292690834107066,35.0,16.0,51.0
208,영역/NNG,1.3000910136802657,399.0,425.0,824.0
209,정책위/NNG,1.3848087238448945,23.0,23.0,46.0
210,채산성/NNG,1.5579098143255063,18.0,16.0,34.0
211,겹친/VV,1.5386763598276605,10.0,9.0,19.0
212,고용자/NNG,1.3119240541688475,18.0,19.0,37.0
213,점유/NNG,1.5107004260126122,12.0,11.0,23.0
214,글로벌/NNG;경기/NNG;개선/NNG,1.3245996488951166,22.0,23.0,45.0
215,변액/NNG,2.275042903459469,23.0,14.0,37.0
216,리더십/NNG,1.318865451280852,20.0,21.0,41.0
217,자산/NNG;성장/NNG,2.769617447689789,18.0,9.0,27.0
218,택하/VV,1.5386763598276605,10.0,9.0,19.0
219,수익증권/NNG,2.5178340433543536,40.0,22.0,62.0
220,정부규제/NNG,1.3848087238448945,13.0,13.0,26.0
221,파견/NNG,1.3848087238448947,11.0,11.0,22.0
222,자본이익/NNG,1.3848087238448947,11.0,11.0,22.0
223,역내외/NNG,4.500628352495907,13.0,4.0,17.0
224,지급보증/NNG,1.3848087238448945,46.0,46.0,92.0
225,유가상승/NNG,1.6777490308120837,63.0,52.0,115.0
226,깊이/NNG,1.90411199528673,22.0,16.0,38.0
227,내수/NNG;부진/NNG,1.3848087238448945,34.0,34.0,68.0
228,환매/NNG,1.620520847052536,165.0,141.0,306.0
229,rqfii/NNG,5.3084334414054295,23.0,6.0,29.0
230,천호/NNG,1.5232895962293842,33.0,30.0,63.0
231,진화/NNG,1.4425090873384316,25.0,24.0,49.0
232,메디케어/NNG,2.3541748305363206,17.0,10.0,27.0
233,재고자산/NNG,1.5579098143255063,9.0,8.0,17.0
234,고용증감/NNG,1.36907226107393,87.0,88.0,175.0
235,노호/NNG,2.844471973303026,152.0,74.0,226.0
236,세심/NNG,1.3848087238448945,12.0,12.0,24.0
237,남북경협/NNG,1.6156101778190437,14.0,12.0,26.0
238,솔직히/MAG,2.014267234683483,16.0,11.0,27.0
239,몰락/NNG,1.8883755325157652,15.0,11.0,26.0
240,수산금융채권/NNG,1.523289596229384,11.0,10.0,21.0
241,기모/NNG,2.4234152667285658,42.0,24.0,66.0
242,독립/NNG,1.6523285909512946,105.0,88.0,193.0
243,북클로징/NNG,1.5325216543883498,83.0,75.0,158.0
244,손실/NNG;위험/NNG,1.3848087238448945,9.0,9.0,18.0
245,방정식/NNG,2.596516357209177,15.0,8.0,23.0
246,화폐발행액/NNG,5.193032714418354,15.0,4.0,19.0
247,간헐/NNG,1.3848087238448947,11.0,11.0,22.0
248,후순위/NNG,1.4913324718329632,70.0,65.0,135.0
249,자치/NNG,1.846411631793193,20.0,15.0,35.0
250,대칭/NNG,1.6763474025490828,23.0,19.0,42.0
251,고용/NNG;여건/NNG;개선/NNG,2.250314176247953,13.0,8.0,21.0
252,가이드/NNG,1.90411199528673,11.0,8.0,19.0
253,과도/NNG;스프레드/NNG;축소/NNG,4.846830533457131,14.0,4.0,18.0
254,신용카드사/NNG,1.4450177987946724,24.0,23.0,47.0
255,거둘/VV,2.117942754115721,26.0,17.0,43.0
256,기민/NNG,1.5386763598276605,10.0,9.0,19.0
257,상술/NNG,1.90411199528673,11.0,8.0,19.0
258,이동평균/NNG,1.6655131948945352,178.0,148.0,326.0
259,pf/NNG;위험/NNG,1.3848087238448945,10.0,10.0,20.0
260,농촌/NNG,3.758766536150428,38.0,14.0,52.0
261,소액/NNG,1.4558245558369405,41.0,39.0,80.0
262,매직/NNG,1.926690398392897,32.0,23.0,55.0
263,흥분/NNG,1.3848087238448945,10.0,10.0,20.0
264,간주/NNG,1.47320077004776,50.0,47.0,97.0
265,시니어론/NNG,2.1888912086580588,98.0,62.0,160.0
266,통화정책/NNG;경계/NNG,1.9782981769212775,20.0,14.0,34.0
267,진폭/NNG,2.9080983200742785,21.0,10.0,31.0
268,자사주/NNG,1.367498614796833,79.0,80.0,159.0
269,근로시간/NNG,1.992773529435336,59.0,41.0,100.0
270,태세/NNG,1.5579098143255063,9.0,8.0,17.0
271,장기영역/NNG,1.5741842758236837,133.0,117.0,250.0
272,근원/NNG;물가/NNG;상승/NNG,1.7624838303480477,14.0,11.0,25.0
273,지루/NNG,2.4500462037255826,23.0,13.0,36.0
274,소비/NNG;증가/NNG,1.3848087238448945,26.0,26.0,52.0
275,입성/NNG,2.0002792677759587,13.0,9.0,22.0
276,총고정자본형성/NNG,2.0772130857673416,12.0,8.0,20.0
277,과반수/NNG,2.176127994613406,22.0,14.0,36.0
278,직접금융/NNG,2.9882714567179303,41.0,19.0,60.0
279,투자심리/NNG;약화/NNG,2.031052794972512,22.0,15.0,37.0
280,원화자산/NNG,2.550963438661648,35.0,19.0,54.0
281,정량/NNG,1.3245996488951166,22.0,23.0,45.0
282,해빙/NNG,1.5386763598276605,10.0,9.0,19.0
283,숙박업/NNG,1.6511180938150665,31.0,26.0,57.0
284,상호/NNG,1.4531943398372351,85.0,81.0,166.0
285,자산/NNG;증가/NNG,1.846411631793193,16.0,12.0,28.0
286,규제가격/NNG,3.3235409372277465,24.0,10.0,34.0
287,교외/NNG,6.093158384917536,22.0,5.0,27.0
288,순서/NNG,1.5415795227707316,59.0,53.0,112.0
289,대각선/NNG,1.3848087238448945,13.0,13.0,26.0
290,최상위/NNG,1.4934211727739055,55.0,51.0,106.0
291,기대/NNG;낮/VV,1.681553450383086,17.0,14.0,31.0
292,여행지/NNG,33.235409372277466,24.0,1.0,25.0
293,금전/NNG,1.5107004260126122,12.0,11.0,23.0
294,회사채신속인수제/NNG,4.673729442976518,27.0,8.0,35.0
295,현물환/NNG,1.4142727392458496,48.0,47.0,95.0
296,준다/VV,1.3848087238448945,24.0,24.0,48.0
297,불확실성/NNG;해소/NNG,1.4861361914433016,44.0,41.0,85.0
298,인수금액/NNG,2.014267234683483,16.0,11.0,27.0
299,주택담보대출/NNG;증가/NNG,1.3848087238448947,11.0,11.0,22.0
300,하반/NNG,3.0706628224386794,51.0,23.0,74.0
301,가산/NNG,1.7225669491729176,51.0,41.0,92.0
302,내수주/NNG,3.692823263586386,16.0,6.0,22.0
303,바짝/MAG,1.3848087238448945,10.0,10.0,20.0
304,녹록/NNG;않/VX,2.0772130857673416,21.0,14.0,35.0
305,제법/MAG,1.8735647440254457,23.0,17.0,40.0
306,비리/NNG,1.3848087238448945,24.0,24.0,48.0
307,潮流/NNG,51.23792278226109,37.0,1.0,38.0
308,사료/NNG,1.704379967809101,16.0,13.0,29.0
309,말라/VV,2.1541469037587246,14.0,9.0,23.0
310,두기/NNG,4.550085806918939,23.0,7.0,30.0
311,스퀘어/NNG,2.623848108337695,36.0,19.0,55.0
312,정규/NNG,1.9782981769212775,30.0,21.0,51.0
313,결정지/VV,1.523289596229384,11.0,10.0,21.0
314,치발/NNG,2.0002792677759587,13.0,9.0,22.0
315,유가/NNG;불안/NNG,1.3848087238448945,17.0,17.0,34.0
316,발동/NNG,3.635122900092848,84.0,32.0,116.0
317,건설/NNG,1.3782766072229846,1688.0,1696.0,3384.0
318,주식담보대출/NNG,2.250314176247953,13.0,8.0,21.0
319,수요/NNG;압력/NNG,2.571787629997661,13.0,7.0,20.0
320,관찰대상국/NNG,2.30801453974149,15.0,9.0,24.0
321,고용/NNG;감소/NNG,2.53881599371564,22.0,12.0,34.0
322,안녕/NNG,4.327527262015295,50.0,16.0,66.0
323,창출력/NNG,2.0195127222738045,70.0,48.0,118.0
324,순이익률/NNG,2.461882175724257,16.0,9.0,25.0
325,송금/NNG,1.3848087238448945,26.0,26.0,52.0
326,우크라이나사태/NNG,1.6235688486457385,34.0,29.0,63.0
327,상하단/NNG,1.3848087238448947,22.0,22.0,44.0
328,피에스/NNG,1.3621069414867817,60.0,61.0,121.0
329,실업수당/NNG,2.0277556313443097,41.0,28.0,69.0
330,답변/NNG,1.6426188586032524,669.0,564.0,1233.0
331,위원수/NNG,6.370120129686514,23.0,5.0,28.0
332,쿠폰금리/NNG,1.5623483038250094,44.0,39.0,83.0
333,하도급/NNG,1.3848087238448945,12.0,12.0,24.0
334,금리/NNG;상승/NNG;우려/NNG,1.3848087238448945,14.0,14.0,28.0
335,리플레이션/NNG,2.769617447689789,18.0,9.0,27.0
336,인하/NNG;줄/VV,1.5579098143255063,9.0,8.0,17.0
337,강력매수/NNG,1.8254296814319064,29.0,22.0,51.0
338,공습/NNG,1.4342661782679265,29.0,28.0,57.0
339,가치평가/NNG,1.846411631793193,16.0,12.0,28.0
340,징수/NNG,1.5386763598276605,10.0,9.0,19.0
341,요금/NNG;인하/NNG,1.6617704686138732,12.0,10.0,22.0
342,누증/NNG,3.2023701738913184,37.0,16.0,53.0
343,농업인/NNG,1.90411199528673,11.0,8.0,19.0
344,만장/NNG,2.670702538843725,27.0,14.0,41.0
345,환시/NNG,1.3232616694517878,86.0,90.0,176.0
346,물가/NNG;상승률/NNG;떨어/VV,1.9782981769212775,10.0,7.0,17.0
347,다행/NNG,1.342844823122322,32.0,33.0,65.0
348,카드채/NNG,1.4122695200684476,720.0,706.0,1426.0
349,유추/NNG,1.3848087238448945,15.0,15.0,30.0
350,참조/NNG,1.545154997132198,106.0,95.0,201.0
351,자세히/MAG,2.031052794972512,22.0,15.0,37.0
352,감행/NNG,2.596516357209177,15.0,8.0,23.0
353,화물/NNG,1.6925439958104267,22.0,18.0,40.0
354,편편/NNG,1.3848087238448945,9.0,9.0,18.0
355,저평/NNG,1.668872051813078,47.0,39.0,86.0
356,균열/NNG,1.9782981769212775,10.0,7.0,17.0
357,팽창/NNG,2.403050432554376,59.0,34.0,93.0
358,경기/NNG;모멘텀/NNG;개선/NNG,1.3848087238448945,16.0,16.0,32.0
359,세분화/NNG,2.9080983200742785,42.0,20.0,62.0
360,손해액/NNG,6.924043619224473,15.0,3.0,18.0
361,운신/NNG,2.1541469037587246,14.0,9.0,23.0
362,음식료품/NNG,1.5579098143255063,9.0,8.0,17.0
363,제일/NNG,1.5579098143255063,9.0,8.0,17.0
364,정국/NNG,1.938732213382852,14.0,10.0,24.0
365,성장/NNG;둔화/NNG;우려/NNG,1.523289596229384,11.0,10.0,21.0
366,장기부채/NNG,1.3848087238448945,24.0,24.0,48.0
367,사회보장/NNG,1.8339358775243195,49.0,37.0,86.0
368,전망/NNG;경기/NNG;회복/NNG,1.8883755325157652,15.0,11.0,26.0
369,엘에스엠/NNG,1.426772624567467,34.0,33.0,67.0
370,아파트실거래가격지수/NNG,1.9782981769212775,10.0,7.0,17.0
371,순매수비중/NNG,2.631136575305299,38.0,20.0,58.0
372,기준점/NNG,1.938732213382852,14.0,10.0,24.0
373,신성장동력/NNG,2.328996490102777,37.0,22.0,59.0
374,신용스프레드/NNG;소폭/MAG;확대/NNG,2.967447265381917,15.0,7.0,22.0
375,일치/NNG,1.8395220361521727,89.0,67.0,156.0
376,윤여/NNG,1.7310109048061175,100.0,80.0,180.0
377,이어서/MAG,1.4893225897954523,57.0,53.0,110.0
378,상호금융/NNG,1.3848087238448947,22.0,22.0,44.0
379,두렵/VA,1.9618123587802672,17.0,12.0,29.0
380,통화/NNG;약세/NNG,1.3848087238448945,35.0,35.0,70.0
381,기울여야/VV,2.769617447689789,14.0,7.0,21.0
382,중소기업진흥공단/NNG,1.495593421752486,27.0,25.0,52.0
383,지날수록/VV,1.5107004260126122,12.0,11.0,23.0
384,영업이익/NNG;개선/NNG,1.7624838303480477,14.0,11.0,25.0
385,전망/NNG;하향/NNG;안정/NNG,1.90411199528673,11.0,8.0,19.0
386,편향/NNG,1.523289596229384,22.0,20.0,42.0
387,방만/NNG,1.3848087238448947,11.0,11.0,22.0
388,납입금/NNG,1.6156101778190437,14.0,12.0,26.0
389,폴라리스/NNG,2.2200901763227674,101.0,63.0,164.0
390,여진/NNG,8.308852343069367,18.0,3.0,21.0
391,금리/NNG;상승/NNG;금리/NNG;상승/NNG,1.6925439958104267,11.0,9.0,20.0
392,인니/NNG,1.4434249661240437,197.0,189.0,386.0
393,투자/NNG;축소/NNG,1.3848087238448945,10.0,10.0,20.0
394,금리/NNG;불안/NNG,1.5579098143255063,9.0,8.0,17.0
395,조류/NNG,10.524546301221196,76.0,10.0,86.0
396,투자분석/NNG,2.1541469037587246,14.0,9.0,23.0
397,주주가치/NNG,1.6156101778190437,21.0,18.0,39.0
398,재무레버리지/NNG,5.193032714418354,15.0,4.0,19.0
399,이티/NNG,2.1136554206053653,29.0,19.0,48.0
400,이슈기업/NNG,8.308852343069367,18.0,3.0,21.0
401,전약후강/NNG,2.8561679929300947,66.0,32.0,98.0
402,안정/NNG;효과/NNG,2.176127994613406,11.0,7.0,18.0
403,이표채/NNG,1.4779051086411898,254.0,238.0,492.0
404,눈치보/VV,5.143575259995322,26.0,7.0,33.0
405,유가증권/NNG,1.358395478430959,360.0,367.0,727.0
406,유량/NNG,1.6925439958104267,11.0,9.0,20.0
407,긍정적/VAX;영향/NNG;줄/VV,1.6925439958104267,11.0,9.0,20.0
408,플러스알파/NNG,27.696174476897887,20.0,1.0,21.0
409,용일/NNG,1.3848087238448947,11.0,11.0,22.0
410,어쩔/VV,1.303349387148136,16.0,17.0,33.0
411,시장경제/NNG,1.5386763598276605,10.0,9.0,19.0
412,회복/NNG;쉽/VA;않/VX,2.53881599371564,11.0,6.0,17.0
413,유통/NNG,1.8090282976987884,742.0,568.0,1310.0
414,상관계수/NNG,2.709408372740011,45.0,23.0,68.0
415,손익분기점/NNG,1.5978562198210322,15.0,13.0,28.0
416,상용직/NNG,2.1541469037587246,14.0,9.0,23.0
417,고용자수/NNG;감소/NNG,1.6617704686138732,12.0,10.0,22.0
418,배달/NNG,2.130474959761376,20.0,13.0,33.0
419,조달청/NNG,6.924043619224473,15.0,3.0,18.0
420,사업영역/NNG,1.3848087238448945,16.0,16.0,32.0
421,가격/NNG;약세/NNG,1.569449887024214,17.0,15.0,32.0
422,전전/NNG,5.331513586802843,77.0,20.0,97.0
423,중기채/NNG,3.3235409372277465,12.0,5.0,17.0
424,국채선물/NNG,1.530891390149961,3343.0,3024.0,6367.0
425,매트릭스/NNG,1.846411631793193,16.0,12.0,28.0
426,국민연금기금/NNG,2.0772130857673416,12.0,8.0,20.0
427,불황형/NNG,1.846411631793193,16.0,12.0,28.0
428,월별/NNG,1.5644595853166647,209.0,185.0,394.0
429,만장일치/NNG,1.3143093706309723,261.0,275.0,536.0
430,내외/NNG;성장/NNG,1.523289596229384,11.0,10.0,21.0
431,금리/NNG;상승/NNG;모멘텀/NNG,1.9782981769212775,10.0,7.0,17.0
432,기법/NNG,1.6156101778190437,14.0,12.0,26.0
433,채권시장/NNG;긍정적/VAX,1.4771293054345545,16.0,15.0,31.0
434,강자/NNG,2.30801453974149,15.0,9.0,24.0
435,예상/NNG;넘/VV,1.5978562198210322,30.0,26.0,56.0
436,여수신/NNG,1.90411199528673,11.0,8.0,19.0
437,시시시/NNG,24.9265570292081,18.0,1.0,19.0
438,환매수/NNG,1.4576933935209415,40.0,38.0,78.0
439,선수/NNG,1.3848087238448945,10.0,10.0,20.0
440,쉽사리/MAG,1.3848087238448945,21.0,21.0,42.0
441,집단행동/NNG,1.4771293054345545,16.0,15.0,31.0
442,영업력/NNG,1.5579098143255063,9.0,8.0,17.0
443,무역대표부/NNG,1.3848087238448945,10.0,10.0,20.0
444,주택사업/NNG,2.4234152667285653,28.0,16.0,44.0
445,월금/NNG,2.123373376562172,23.0,15.0,38.0
446,금리/NNG;하락/NNG;제한적/VAX,1.7624838303480477,14.0,11.0,25.0
447,어감/NNG,1.7624838303480477,42.0,33.0,75.0
448,유로존/NNG;개선/NNG,1.90411199528673,11.0,8.0,19.0
449,리라/NNG,1.3707497520292105,195.0,197.0,392.0
450,주택가격/NNG;하락/NNG,1.5166952689729798,23.0,21.0,44.0
451,좌하/NNG,1.4837236326909584,15.0,14.0,29.0
452,밸류/NNG,1.4913324718329632,182.0,169.0,351.0
453,상승효과/NNG,1.8109037157971697,17.0,13.0,30.0
454,디커플링/NNG,2.117942754115721,52.0,34.0,86.0
455,협박/NNG,2.3739578123055334,12.0,7.0,19.0
456,금융시장/NNG;변동성/NNG;확대/NNG,1.3353512694218626,27.0,28.0,55.0
457,사회주의/NNG,2.769617447689789,14.0,7.0,21.0
458,일지/NNG,1.3848087238448945,20.0,20.0,40.0
459,수수수/MAG,1.5477273972384116,19.0,17.0,36.0
460,금리정상화/NNG,1.3967467300849368,117.0,116.0,233.0
461,제목/NNG,3.515283683606271,33.0,13.0,46.0
462,재건축/NNG,1.4280839964650474,66.0,64.0,130.0
463,신용스프레드/NNG;소폭/MAG;축소/NNG,1.5386763598276605,10.0,9.0,19.0
464,여겨졌/VV,1.3848087238448945,12.0,12.0,24.0
465,계열화/NNG,1.9782981769212775,10.0,7.0,17.0
466,상공/NNG,1.8793832680752136,19.0,14.0,33.0
467,gdp/NNG;예상/NNG;상회/NNG,2.769617447689789,12.0,6.0,18.0
468,달래/VV,1.63659212818033,13.0,11.0,24.0
469,나타난다고/VV,2.0002792677759587,13.0,9.0,22.0
470,숏커버링/NNG,1.3848087238448945,18.0,18.0,36.0
471,상환능력/NNG,1.6709262287715254,146.0,121.0,267.0
472,가근/NNG,3.000418901663938,39.0,18.0,57.0
473,수로/NNG,2.250314176247953,13.0,8.0,21.0
474,상장예비심사/NNG,3.3235409372277465,12.0,5.0,17.0
475,장소/NNG,1.3848087238448945,12.0,12.0,24.0
476,소급/NNG,1.6925439958104267,11.0,9.0,20.0
477,승부/NNG,2.9234850836725546,19.0,9.0,28.0
478,간격/NNG,1.4243746873833198,36.0,35.0,71.0
479,목표제/NNG,1.4662680605416532,18.0,17.0,35.0
480,연소득/NNG,1.827947515475261,33.0,25.0,58.0
481,약국/NNG,2.6157498117070226,17.0,9.0,26.0
482,자산부채/NNG,3.4620218096122364,165.0,66.0,231.0
483,에르/NNG,1.8883755325157652,15.0,11.0,26.0
484,역효과/NNG,1.3848087238448945,10.0,10.0,20.0
485,우스/NNG,5.262273150610598,19.0,5.0,24.0
486,회동/NNG,1.3848087238448945,18.0,18.0,36.0
487,은한/NNG,1.5978562198210322,15.0,13.0,28.0
488,낯선/VA,4.154426171534683,24.0,8.0,32.0
489,보유기업/NNG,3.80822399057346,22.0,8.0,30.0
490,스몰딜/NNG,1.3848087238448945,10.0,10.0,20.0
491,대내외/NNG;경기/NNG;불확실성/NNG,1.831521215407764,41.0,31.0,72.0
492,대략/NNG,1.569449887024214,17.0,15.0,32.0
493,대리인/NNG,2.4234152667285653,14.0,8.0,22.0
494,끼얹/VV,1.3848087238448945,20.0,20.0,40.0
495,민간/NNG;소비/NNG;회복/NNG,1.3155682876526495,19.0,20.0,39.0
496,자산/NNG;가격/NNG;상승/NNG,2.1865400902814125,30.0,19.0,49.0
497,예외/NNG,1.3378660552399826,57.0,59.0,116.0
498,기업금융/NNG,1.350188505748772,78.0,80.0,158.0
499,사도/NNG,1.8883755325157652,15.0,11.0,26.0
500,한번/MAG,1.4713592690852002,17.0,16.0,33.0
501,탄성/NNG,2.3541748305363206,17.0,10.0,27.0
502,총동원/NNG,3.3235409372277465,12.0,5.0,17.0
503,어울리/VV,1.6925439958104267,11.0,9.0,20.0
504,작성/NNG,1.3054856568475677,1366.0,1449.0,2815.0
505,건설/NNG;투자/NNG;부진/NNG,1.5579098143255063,9.0,8.0,17.0
506,수령/NNG,1.350188505748772,39.0,40.0,79.0
507,주보/NNG,1.3218628727610358,21.0,22.0,43.0
508,출현/NNG,1.333519511850639,26.0,27.0,53.0
509,패턴/NNG,1.7370423016869756,360.0,287.0,647.0
510,세기/NNG,2.6542167207027147,23.0,12.0,35.0
511,취임/NNG,1.441331528899788,102.0,98.0,200.0
512,비유동자산/NNG,4.154426171534683,15.0,5.0,20.0
513,통장/NNG,1.6945685699680944,93.0,76.0,169.0
514,코끼리/NNG,10.386065428836709,15.0,2.0,17.0
515,간월/NNG,2.1464535219595864,31.0,20.0,51.0
516,한매/NNG,6.996928288900519,96.0,19.0,115.0
517,준칙/NNG,1.3848087238448945,12.0,12.0,24.0
518,오일쇼크/NNG,1.926690398392897,32.0,23.0,55.0
519,단기물/NNG;약세/NNG,1.582638541537022,24.0,21.0,45.0
520,자본시장법/NNG,1.78046835922915,18.0,14.0,32.0
521,어떠/NNG,1.3075447177934625,1760.0,1864.0,3624.0
522,취업자/NNG,1.4947141781182989,136.0,126.0,262.0
523,자본증권/NNG,1.4672378145499476,89.0,84.0,173.0
524,산업/NNG;생산/NNG;부진/NNG,3.692823263586386,16.0,6.0,22.0
525,신용위험평가/NNG,3.0004189016639384,26.0,12.0,38.0
526,등급간/NNG,1.518284263492595,91.0,83.0,174.0
527,본원/NNG,1.4662680605416532,18.0,17.0,35.0
528,연연/NNG,1.5579098143255063,9.0,8.0,17.0
529,선택법/NNG,4.154426171534683,21.0,7.0,28.0
530,유념/NNG,1.6617704686138737,36.0,30.0,66.0
531,과잉/NNG,1.303349387148136,176.0,187.0,363.0
532,속하/VV,1.563493720470042,35.0,31.0,66.0
533,왜곡/NNG,1.8380188516486784,73.0,55.0,128.0
534,bbb+등급/NNG,1.3848087238448945,24.0,24.0,48.0
535,경기/NNG;호전/NNG,2.176127994613406,11.0,7.0,18.0
536,서경/NNG,1.700805345393394,183.0,149.0,332.0
537,매번/MAG,2.30801453974149,15.0,9.0,24.0
538,외화차입/NNG,2.0772130857673416,21.0,14.0,35.0
539,고등급/NNG,1.731010904806118,10.0,8.0,18.0
540,대체자산/NNG,3.264191991920109,33.0,14.0,47.0
541,양대/NNG,1.5579098143255063,9.0,8.0,17.0
542,내세운/VV,1.569449887024214,17.0,15.0,32.0
543,금리/NNG;낙폭/NNG;확대/NNG,1.7540910502035332,19.0,15.0,34.0
544,숙제/NNG,1.3245996488951166,22.0,23.0,45.0
545,하방/NNG;경직/NNG,1.3848087238448945,10.0,10.0,20.0
546,보장성보험/NNG,7.754928853531408,28.0,5.0,33.0
547,글로벌/NNG;경기/NNG;침체/NNG;우려/NNG,1.5579098143255063,9.0,8.0,17.0
548,가늠/NNG,1.5358787664461555,122.0,110.0,232.0
549,법정최고금리/NNG,2.49265570292081,18.0,10.0,28.0
550,장단기스프레드/NNG;축소/NNG,1.8464116317931925,56.0,42.0,98.0
551,매니페스토/NNG,22.156939581518312,16.0,1.0,17.0
552,무더기/NNG,1.3848087238448945,9.0,9.0,18.0
553,예치금/NNG,1.91929630146924,79.0,57.0,136.0
554,외부자금/NNG,1.7106460706319286,21.0,17.0,38.0
555,발행시장/NNG;호조/NNG,3.3235409372277465,12.0,5.0,17.0
556,야기/NNG,1.4558245558369405,123.0,117.0,240.0
557,자본/NNG;감소/NNG,3.6005026819967254,13.0,5.0,18.0
558,주주/NNG,1.6617704686138732,276.0,230.0,506.0
559,경과/NNG,1.367498614796833,79.0,80.0,159.0
560,심리/NNG;부담/NNG,1.5826385415370223,16.0,14.0,30.0
561,용어/NNG,1.3848087238448945,18.0,18.0,36.0
562,금리갭/NNG;축소/NNG,1.303349387148136,16.0,17.0,33.0
563,디폴트옵션/NNG,1.6995379792641887,27.0,22.0,49.0
564,연이/VV,1.325880693042984,90.0,94.0,184.0
565,행태/NNG,1.411961836077147,52.0,51.0,103.0
566,재무/NNG;부담/NNG;확대/NNG,1.4713592690852002,17.0,16.0,33.0
567,경제/NNG;호조/NNG,1.681553450383086,17.0,14.0,31.0
568,소비지/NNG,4.500628352495907,13.0,4.0,17.0
569,단호/NNG,1.6617704686138732,12.0,10.0,22.0
570,채권시장/NNG;우호적/VAX,1.5874636590417082,47.0,41.0,88.0
571,내수/NNG;확대/NNG,2.571787629997661,13.0,7.0,20.0
572,고성장/NNG,1.3155682876526495,38.0,40.0,78.0
573,다각도/NNG,3.3235409372277465,12.0,5.0,17.0
574,eps/NNG,1.3111486853425065,178.0,188.0,366.0
575,기인/NNG,1.3197762699626756,345.0,362.0,707.0
576,인플레이션/NNG;우려/NNG,1.8002513409983631,39.0,30.0,69.0
577,개방형펀드/NNG,15.925300324216286,23.0,2.0,25.0
578,전입액/NNG,5.219663651415371,49.0,13.0,62.0
579,비상장/NNG,5.9765429134358605,82.0,19.0,101.0
580,연방정부/NNG,2.019512722273804,105.0,72.0,177.0
581,신용위기/NNG,1.3848087238448945,24.0,24.0,48.0
582,우량자산/NNG,3.231220355638087,14.0,6.0,20.0
583,사업비/NNG,2.058499454364032,55.0,37.0,92.0
584,변경상장/NNG,3.6005026819967254,13.0,5.0,18.0
585,글로벌/NNG;경기/NNG;부진/NNG,1.3848087238448945,9.0,9.0,18.0
586,서부텍사스산원유/NNG;가격/NNG;오르/VV,2.4234152667285653,14.0,8.0,22.0
587,외연/NNG,2.176127994613406,11.0,7.0,18.0
588,과매도/NNG,2.829826522639567,47.0,23.0,70.0
589,전망/NNG;지지/NNG,1.5579098143255063,9.0,8.0,17.0
590,만호/NNG,1.731010904806118,10.0,8.0,18.0
591,국고채/NNG;입찰/NNG;호조/NNG,2.769617447689789,22.0,11.0,33.0
592,위험/NNG;축소/NNG,3.1652770830740447,16.0,7.0,23.0
593,엄격/NNG,3.571348814126307,49.0,19.0,68.0
594,협력업체/NNG,2.8388578838820333,41.0,20.0,61.0
595,초과유동성/NNG,6.924043619224472,20.0,4.0,24.0
596,투자수익률/NNG,1.4725782908491485,151.0,142.0,293.0
597,기본소득/NNG,1.731010904806118,10.0,8.0,18.0
598,꺼지/VV,1.8793832680752136,19.0,14.0,33.0
599,무화/NNG,2.3541748305363206,17.0,10.0,27.0
600,리볼빙/NNG,1.81090371579717,51.0,39.0,90.0
601,전망/NNG;하향/NNG;전망/NNG;하향/NNG,1.4402010727986905,26.0,25.0,51.0
602,듀레이션/NNG;증가/NNG,2.461882175724257,16.0,9.0,25.0
603,광산업/NNG,1.938732213382852,14.0,10.0,24.0
604,회자/NNG,1.4837236326909584,15.0,14.0,29.0
605,공상/NNG,4.616029079482981,30.0,9.0,39.0
606,경상/NNG;수지/NNG;적자/NNG,1.6156101778190437,14.0,12.0,26.0
607,몰아주/VV,4.747915624611067,24.0,7.0,31.0
608,지표/NNG;상승/NNG,1.3848087238448945,12.0,12.0,24.0
609,공방/NNG,1.3848087238448945,35.0,35.0,70.0
610,알려짐/VV,1.523289596229384,11.0,10.0,21.0
611,실험/NNG,1.6763474025490828,23.0,19.0,42.0
612,지출비중/NNG,2.769617447689789,22.0,11.0,33.0
613,차례차례/MAG,2.023951211773307,19.0,13.0,32.0
614,일계/NNG,3.0004189016639384,13.0,6.0,19.0
615,본토/NNG,1.6320959959600545,66.0,56.0,122.0
616,드레드/NNG,1.3848087238448945,31.0,31.0,62.0
617,월래/NNG,1.4837236326909584,45.0,42.0,87.0
618,dps/NNG,5.770036349353727,50.0,12.0,62.0
619,국의/NNG,1.3848087238448947,11.0,11.0,22.0
620,순응/NNG,2.967447265381917,15.0,7.0,22.0
621,순이익/NNG,1.4502598824345785,421.0,402.0,823.0
622,보육/NNG,1.9782981769212775,10.0,7.0,17.0
623,이해관계/NNG,1.563493720470042,35.0,31.0,66.0
624,논쟁/NNG,1.717162817567669,62.0,50.0,112.0
625,정부보증채/NNG,1.8002513409983627,13.0,10.0,23.0
626,분사/NNG,1.4477545749287537,23.0,22.0,45.0
627,산업은행/NNG,1.380687269309642,335.0,336.0,671.0
628,국고채/NNG;금리/NNG;인하/NNG,1.6925439958104267,11.0,9.0,20.0
629,유혹/NNG,2.571787629997661,13.0,7.0,20.0
630,매수강도/NNG,1.3452427603064687,34.0,35.0,69.0
631,교통공사/NNG,1.9618123587802672,17.0,12.0,29.0
632,소기업낙관지수/NNG,1.644460359565812,19.0,16.0,35.0
633,소프트/NNG,3.6005026819967254,13.0,5.0,18.0
634,위험가중자산/NNG,2.308014539741491,20.0,12.0,32.0
635,심판/NNG,2.571787629997661,13.0,7.0,20.0
636,경제/NNG;안정/NNG;성장/NNG,2.53881599371564,11.0,6.0,17.0
637,박자/NNG,1.6925439958104267,11.0,9.0,20.0
638,반격/NNG,1.5386763598276605,10.0,9.0,19.0
639,필라델피아제조업지수/NNG,2.49265570292081,18.0,10.0,28.0
640,공급/NNG;차질/NNG,1.8002513409983627,13.0,10.0,23.0
641,단일시장/NNG,4.747915624611067,24.0,7.0,31.0
642,덧붙여/VV,1.78046835922915,18.0,14.0,32.0
643,순발행금액/NNG,1.5680922314126011,77.0,68.0,145.0
644,기장/NNG,2.0002792677759587,13.0,9.0,22.0
645,식료품/NNG,1.4274182230401222,134.0,130.0,264.0
646,취급액/NNG,1.3848087238448945,40.0,40.0,80.0
647,수요예측/NNG;흥행/NNG;성공/NNG,2.769617447689789,14.0,7.0,21.0
648,국고채/NNG;통안채/NNG;스프레드/NNG;확대/NNG,6.28490113129606,59.0,13.0,72.0
649,세전이익/NNG,4.819134358980232,87.0,25.0,112.0
650,측정/NNG,1.3381297780973136,86.0,89.0,175.0
651,일변도/NNG,1.3848087238448947,11.0,11.0,22.0
652,중장기물/NNG,1.5428575455880615,205.0,184.0,389.0
653,권함/VV,1.5386763598276605,10.0,9.0,19.0
654,이렇/VA,1.3137928918528488,37.0,39.0,76.0
655,금융안정보고서/NNG,2.769617447689789,32.0,16.0,48.0
656,투자등급채/NNG,2.1675266981920087,36.0,23.0,59.0
657,코코/NNG,6.370120129686514,23.0,5.0,28.0
658,화이트리스트/NNG,1.582638541537022,24.0,21.0,45.0
659,플랜/NNG,1.5477273972384116,19.0,17.0,36.0
660,붉은색/NNG,1.4450177987946724,24.0,23.0,47.0
661,어렵/VA;금리/NNG;인하/NNG,1.3848087238448947,11.0,11.0,22.0
662,현금성자산/NNG,1.3540351966483413,88.0,90.0,178.0
663,금리/NNG;상단/NNG;제한/NNG,1.5386763598276605,10.0,9.0,19.0
664,bps/NNG,1.3078749058535115,85.0,90.0,175.0
665,발행가액/NNG,1.3848087238448945,10.0,10.0,20.0
666,채권/NNG;금리/NNG;급등/NNG,1.3155682876526495,19.0,20.0,39.0
667,정치/NNG;불확실성/NNG;확대/NNG,2.1541469037587246,14.0,9.0,23.0
668,계정/NNG,1.9567949358677856,130.0,92.0,222.0
669,지주/NNG,1.6746524102310354,260.0,215.0,475.0
670,하락/NNG;효과/NNG,1.4477545749287537,23.0,22.0,45.0
671,다트/NNG,1.569449887024214,17.0,15.0,32.0
672,채권시장/NNG;강세/NNG,1.3394051591286684,118.0,122.0,240.0
673,금리/NNG;넘/VV,1.704379967809101,16.0,13.0,29.0
674,세계화/NNG,2.1101847220493632,32.0,21.0,53.0
675,중시/NNG,1.6256450236440063,54.0,46.0,100.0
676,전통자산/NNG,2.769617447689789,12.0,6.0,18.0
677,달러자산/NNG,2.0772130857673416,15.0,10.0,25.0
678,저축/NNG,1.3795029432937649,260.0,261.0,521.0
679,기류/NNG,1.6156101778190437,14.0,12.0,26.0
680,접종/NNG,2.4234152667285653,28.0,16.0,44.0
681,재무/NNG;위험/NNG,1.3848087238448945,9.0,9.0,18.0
682,회계법인/NNG,1.3245996488951166,22.0,23.0,45.0
683,번주/NNG,3.27318425636066,26.0,11.0,37.0
684,연체율/NNG;상승/NNG,1.3848087238448945,16.0,16.0,32.0
685,국방비/NNG,2.4500462037255826,23.0,13.0,36.0
686,cds/NNG;스프레드/NNG;축소/NNG,1.523289596229384,11.0,10.0,21.0
687,인상/NNG;어렵/VA,3.6005026819967254,13.0,5.0,18.0
688,미사일/NNG,1.5780378481023216,49.0,43.0,92.0
689,국지/NNG,1.569449887024214,17.0,15.0,32.0
690,연매/NNG,3.0004189016639384,13.0,6.0,19.0
691,일부구간/NNG,3.877464426765704,14.0,5.0,19.0
692,국채입찰/NNG,1.6948405276907663,82.0,67.0,149.0
693,대리/NNG,1.5386763598276605,10.0,9.0,19.0
694,fed/NNG;자산/NNG;축소/NNG,1.7624838303480477,14.0,11.0,25.0
695,표하/VV,2.0772130857673416,12.0,8.0,20.0
696,실리/NNG,2.0002792677759587,13.0,9.0,22.0
697,돌이켜/VV,1.731010904806118,20.0,16.0,36.0
698,실물/NNG;경제/NNG;회복/NNG,1.8464116317931925,12.0,9.0,21.0
699,중증/NNG,1.9782981769212775,10.0,7.0,17.0
700,막연/NNG,1.603462732873036,22.0,19.0,41.0
701,글로벌/NNG;경기/NNG;둔화/NNG,1.3370566988847257,28.0,29.0,57.0
702,대담/NNG,1.5002094508319692,13.0,12.0,25.0
703,정책/NNG;불확실성/NNG;해소/NNG,3.3235409372277465,12.0,5.0,17.0
704,논하/VV,1.895001411577224,26.0,19.0,45.0
705,물가/NNG;상승률/NNG;높/VA,1.681553450383086,17.0,14.0,31.0
706,경기/NNG;불안/NNG,1.3848087238448947,11.0,11.0,22.0
707,추진력/NNG,1.4837236326909584,15.0,14.0,29.0
708,자금부족/NNG,3.077352719655321,20.0,9.0,29.0
709,일반공모/NNG,2.1926138127544164,19.0,12.0,31.0
710,경제/NNG;성장/NNG,1.316423107852554,77.0,81.0,158.0
711,변질/NNG,3.0004189016639384,13.0,6.0,19.0
712,영업외비용/NNG,3.6005026819967254,13.0,5.0,18.0
713,내각/NNG,2.3739578123055334,24.0,14.0,38.0
714,맴돌/VV,1.938732213382852,14.0,10.0,24.0
715,무너/VV,2.0259238737730865,79.0,54.0,133.0
716,경기/NNG;과열/NNG,1.5579098143255063,9.0,8.0,17.0
717,홍콩h주/NNG,1.4981112557958405,119.0,110.0,229.0
718,다가서/VV,1.5477273972384116,19.0,17.0,36.0
719,예상/NNG;금리/NNG;인상/NNG,2.308014539741491,20.0,12.0,32.0
720,만만/NNG,1.8752618135399612,65.0,48.0,113.0
721,도소매/NNG,1.5862354473132427,63.0,55.0,118.0
722,소관/NNG,2.1541469037587246,14.0,9.0,23.0
723,별주/NNG,51.23792278226109,74.0,2.0,76.0
724,상향/NNG;하향/NNG,1.5826385415370223,16.0,14.0,30.0
725,a등급/NNG,1.5732180740278734,501.0,441.0,942.0
726,정액/NNG,2.123373376562172,23.0,15.0,38.0
727,소프트패치/NNG,2.769617447689789,26.0,13.0,39.0
728,공모/NNG,1.463030137116468,505.0,478.0,983.0
729,마냥/MAG,1.4402010727986905,26.0,25.0,51.0
730,공무원연금/NNG,1.6925439958104267,11.0,9.0,20.0
731,디폴트/NNG;우려/NNG,1.731010904806118,10.0,8.0,18.0
732,긴축/NNG;효과/NNG,1.6617704686138732,12.0,10.0,22.0
733,공시이율/NNG,7.270245800185696,42.0,8.0,50.0
734,일관/NNG,1.3092737025442638,52.0,55.0,107.0
735,지리/NNG,1.9174274637852389,18.0,13.0,31.0
736,회전신용/NNG,2.0002792677759587,13.0,9.0,22.0
737,문턱/NNG,1.5826385415370223,32.0,28.0,60.0
738,외환규제/NNG,2.720159993266757,55.0,28.0,83.0
739,호반/NNG,2.275042903459469,46.0,28.0,74.0
740,세이프가드/NNG,1.6925439958104267,11.0,9.0,20.0
741,반정부/NNG,3.635122900092848,21.0,8.0,29.0
742,신규물/NNG,1.731010904806118,10.0,8.0,18.0
743,도심/NNG,1.481423285973608,46.0,43.0,89.0
744,호흡/NNG,1.6617704686138737,18.0,15.0,33.0
745,공산당/NNG,1.990662540527036,23.0,16.0,39.0
746,bbb등급/NNG,1.709178334835591,137.0,111.0,248.0
747,루피/NNG,1.591056831651581,270.0,235.0,505.0
748,불식/NNG,1.3848087238448945,16.0,16.0,32.0
749,그저/MAG,1.3848087238448945,12.0,12.0,24.0
750,불확실성/NNG;확대/NNG,1.3848087238448945,41.0,41.0,82.0
751,권고/NNG,1.3499707685280418,155.0,159.0,314.0
752,주전/NNG,1.4632681416264748,373.0,353.0,726.0
753,복사/NNG,1.9957537490705832,49.0,34.0,83.0
754,신계약/NNG,3.758766536150428,57.0,21.0,78.0
755,높/VA;증가/NNG,1.846411631793193,20.0,15.0,35.0
756,역내/NNG,1.4125048983217925,51.0,50.0,101.0
757,지급여력/NNG,1.6617704686138732,12.0,10.0,22.0
758,소득대체율/NNG,10.386065428836709,15.0,2.0,17.0
759,하드/NNG,11.078469790759156,16.0,2.0,18.0
760,임대업/NNG,1.5107004260126122,48.0,44.0,92.0
761,우려/NNG;낮/VA,1.8883755325157652,15.0,11.0,26.0
762,속내/NNG,1.90411199528673,11.0,8.0,19.0
763,cd/NNG;금리/NNG;상승/NNG,1.7492320722251298,24.0,19.0,43.0
764,물가/NNG;충격/NNG,2.343522455737514,22.0,13.0,35.0
765,선회/NNG,1.7584872683744692,80.0,63.0,143.0
766,대출/NNG;줄/VV,2.176127994613406,11.0,7.0,18.0
767,보유세/NNG,2.176127994613406,11.0,7.0,18.0
768,하단/NNG;지지/NNG,1.4576933935209415,20.0,19.0,39.0
769,등락폭/NNG,1.7624838303480477,14.0,11.0,25.0
770,시정/NNG,1.3848087238448945,13.0,13.0,26.0
771,자이/NNG,1.3848087238448945,13.0,13.0,26.0
772,차별/NNG,1.3540351966483413,88.0,90.0,178.0
773,생산설비/NNG,1.7310109048061182,30.0,24.0,54.0
774,월비/NNG,1.335933121826839,82.0,85.0,167.0
775,인민/NNG,4.327527262015295,25.0,8.0,33.0
776,회색/NNG,2.0772130857673416,18.0,12.0,30.0
777,물가/NNG;상승/NNG;압력/NNG,1.6785560289029025,40.0,33.0,73.0
778,동그라미/NNG,1.3848087238448945,35.0,35.0,70.0
779,언제/MAG,1.472733087263618,67.0,63.0,130.0
780,위험/NNG;우려/NNG,2.6157498117070226,17.0,9.0,26.0
781,오성/NNG,1.4067898146995754,64.0,63.0,127.0
782,ndf시장/NNG,2.1926138127544164,19.0,12.0,31.0
783,단속/NNG,2.30801453974149,15.0,9.0,24.0
784,한참/NNG,2.2660506390189186,18.0,11.0,29.0
785,갈수록/MAG,1.4095374510564105,171.0,168.0,339.0
786,고찰/NNG,1.9782981769212775,20.0,14.0,34.0
787,템플/NNG,4.431387916303662,16.0,5.0,21.0
788,광명/NNG,4.98531140584162,36.0,10.0,46.0
789,계절성/NNG,1.3271083603513574,46.0,48.0,94.0
790,기대/NNG;강세/NNG,1.8883755325157652,15.0,11.0,26.0
791,전략/NNG,1.8711325458207555,2851.0,2110.0,4961.0
792,신청서/NNG,1.7624838303480477,14.0,11.0,25.0
793,아웃풋갭/NNG,2.007972649575097,29.0,20.0,49.0
794,살피/VV,1.6560599171753378,232.0,194.0,426.0
795,채권/NNG;선호/NNG,1.3848087238448945,10.0,10.0,20.0
796,종신/NNG,1.3848087238448945,25.0,25.0,50.0
797,재고율/NNG,1.895001411577224,26.0,19.0,45.0
798,나래/NNG,1.3848087238448947,22.0,22.0,44.0
799,소문/NNG,1.8793832680752136,19.0,14.0,33.0
800,전망/NNG;긍정적/VAX,1.6156101778190437,21.0,18.0,39.0
801,발행주식수/NNG,4.98531140584162,18.0,5.0,23.0
802,단단/NNG,2.343522455737514,22.0,13.0,35.0
803,일으켰/VV,1.5386763598276605,10.0,9.0,19.0
804,지인/NNG,1.3848087238448945,13.0,13.0,26.0
805,열악/NNG,1.3848087238448945,13.0,13.0,26.0
806,질의/NNG,3.4224558460738104,173.0,70.0,243.0
807,기업/NNG;실적/NNG;부진/NNG,2.250314176247953,13.0,8.0,21.0
808,수출입금융/NNG,1.467897247275588,53.0,50.0,103.0
809,스모/NNG,1.4007260654982845,88.0,87.0,175.0
810,풋옵션/NNG,1.4771293054345545,16.0,15.0,31.0
811,주춤/MAG,1.415244080412914,186.0,182.0,368.0
812,입법화/NNG,2.236998707749445,21.0,13.0,34.0
813,조립/NNG,1.63659212818033,13.0,11.0,24.0
814,보완자본/NNG,2.1926138127544164,38.0,24.0,62.0
815,단기/NNG;금리/NNG;상승/NNG,1.743833207804682,34.0,27.0,61.0
816,보입니다/VV,2.1865400902814125,30.0,19.0,49.0
817,어음/NNG,1.6011850869456592,37.0,32.0,69.0
818,바이백/NNG,3.1340407960700243,129.0,57.0,186.0
819,벌거벗/VV,41.54426171534684,30.0,1.0,31.0
820,매달/MAG,1.411961836077147,52.0,51.0,103.0
821,국고채/NNG;수익률/NNG;하락/NNG,1.8793832680752136,19.0,14.0,33.0
822,직책/NNG,2.0772130857673416,18.0,12.0,30.0
823,노령화/NNG,1.3848087238448945,9.0,9.0,18.0
824,공동주택/NNG,2.5099658119688715,29.0,16.0,45.0
825,자금사정/NNG,3.494993445894257,53.0,21.0,74.0
826,실성/NNG,3.9236247175605343,17.0,6.0,23.0
827,타국/NNG,1.3848087238448945,14.0,14.0,28.0
828,스몰캡/NNG,1.3848087238448947,11.0,11.0,22.0
829,대내외/NNG;불확실성/NNG,1.5445943458269975,29.0,26.0,55.0
830,매도헤지/NNG,1.3848087238448945,14.0,14.0,28.0
831,디플레이션갭/NNG,1.5002094508319692,52.0,48.0,100.0
832,산식/NNG,1.3415334512247414,31.0,32.0,63.0
833,건보/NNG,4.98531140584162,18.0,5.0,23.0
834,개구리/NNG,3.231220355638087,21.0,9.0,30.0
835,내부거래/NNG,10.15526397486256,22.0,3.0,25.0
836,적기시정조치/NNG,2.769617447689789,12.0,6.0,18.0
837,불평등/NNG,11.42467197172038,33.0,4.0,37.0
838,선형/NNG,1.5002094508319692,13.0,12.0,25.0
839,부동산/NNG;가격/NNG;하락/NNG,1.4662680605416532,18.0,17.0,35.0
840,외화증권/NNG,2.2660506390189186,18.0,11.0,29.0
841,물가/NNG;상승/NNG;압력/NNG;높/VA,1.3848087238448945,10.0,10.0,20.0
842,김영란법/NNG,2.53881599371564,11.0,6.0,17.0
843,긴축/NNG;전환/NNG,1.4507519964089373,22.0,21.0,43.0
844,민간/NNG;소비/NNG;둔화/NNG,1.9782981769212775,10.0,7.0,17.0
845,이직률/NNG,2.0772130857673416,12.0,8.0,20.0
846,하락/NNG;부정적/VAX,1.9618123587802672,17.0,12.0,29.0
847,남동/NNG,2.53881599371564,11.0,6.0,17.0
848,보험자산/NNG,1.8716555408216151,173.0,128.0,301.0
849,입증/NNG,1.7409023956907246,44.0,35.0,79.0
850,성립/NNG,1.7624838303480477,14.0,11.0,25.0
851,회사채/NNG;수요예측/NNG;흥행/NNG,1.3848087238448945,12.0,12.0,24.0
852,명목채/NNG,2.876141195677858,27.0,13.0,40.0
853,국유/NNG,2.1675266981920087,36.0,23.0,59.0
854,금리/NNG;추세/NNG;상승/NNG,1.6925439958104267,11.0,9.0,20.0
855,부동산/NNG;경기/NNG;둔화/NNG,2.571787629997661,13.0,7.0,20.0
856,반대표/NNG,1.7624838303480477,14.0,11.0,25.0
857,회복/NNG;더디/VA,1.5579098143255063,9.0,8.0,17.0
858,내외/NNG;금리갭/NNG;축소/NNG,1.5107004260126122,12.0,11.0,23.0
859,출자금/NNG,3.1652770830740447,16.0,7.0,23.0
860,변동성/NNG;낮/VA,1.3848087238448945,13.0,13.0,26.0
861,셰어/NNG,1.3848087238448945,15.0,15.0,30.0
862,자명/NNG,2.176127994613406,11.0,7.0,18.0
863,성장/NNG;경로/NNG;하방/NNG;위험/NNG,2.176127994613406,11.0,7.0,18.0
864,경기/NNG;부진/NNG,1.5694498870242135,51.0,45.0,96.0
865,첨단산업/NNG,2.6542167207027147,23.0,12.0,35.0
866,평년/NNG,1.3848087238448945,14.0,14.0,28.0
867,신용등급/NNG;강등/NNG,1.4155822510414475,46.0,45.0,91.0
868,원내대표/NNG,2.308014539741491,20.0,12.0,32.0
869,고용/NNG;늘/VV,1.8002513409983627,13.0,10.0,23.0
870,소비자/NNG;물가/NNG;상승률/NNG;둔화/NNG,1.5579098143255063,9.0,8.0,17.0
871,대여/NNG,1.319895814914665,61.0,64.0,125.0
872,매도가능증권/NNG,11.078469790759156,16.0,2.0,18.0
873,바닥/NNG,1.4050544654215742,347.0,342.0,689.0
874,결성/NNG,1.4837236326909584,15.0,14.0,29.0
875,경제동향/NNG,3.0663621742279803,62.0,28.0,90.0
876,유심히/MAG,1.6925439958104267,11.0,9.0,20.0
877,주택시장/NNG;안정/NNG,1.90411199528673,11.0,8.0,19.0
878,제지/NNG,1.6063781196600777,87.0,75.0,162.0
879,중의원/NNG,2.9427185381704004,17.0,8.0,25.0
880,편입종목/NNG,1.421251058682918,39.0,38.0,77.0
881,기대/NNG;하회/NNG,2.176127994613406,11.0,7.0,18.0
882,대치/NNG,1.62918673393517,20.0,17.0,37.0
883,환영/NNG,1.90411199528673,33.0,24.0,57.0
884,산업활동/NNG,1.412321479947773,154.0,151.0,305.0
885,우버/NNG,2.215693958151831,16.0,10.0,26.0
886,양극화/NNG,1.7993092942474476,191.0,147.0,338.0
887,경제/NNG;확장/NNG,1.3848087238448945,9.0,9.0,18.0
888,파마/NNG,1.5386763598276605,10.0,9.0,19.0
889,노동시장/NNG;개선/NNG,1.5386763598276605,10.0,9.0,19.0
890,오직/MAG,1.3848087238448947,11.0,11.0,22.0
891,유로5/NNG,1.7145250866651076,26.0,21.0,47.0
892,예산편성/NNG,1.5002094508319692,13.0,12.0,25.0
893,시장지위/NNG,1.885696985661133,64.0,47.0,111.0
894,경제/NNG;견실/NNG;성장/NNG,2.769617447689789,14.0,7.0,21.0
895,윤창/NNG,3.7216734453331535,172.0,64.0,236.0
896,호재/NNG,1.4734364821709678,399.0,375.0,774.0
897,책임준비금/NNG,5.539234895379578,72.0,18.0,90.0
898,완충/NNG,1.3848087238448945,107.0,107.0,214.0
899,입법/NNG,1.8299258136521817,37.0,28.0,65.0
900,진보/NNG,3.538955627603619,23.0,9.0,32.0
901,활주로/NNG,11.540072698707451,25.0,3.0,28.0
902,페이퍼/NNG,3.4620218096122364,30.0,12.0,42.0
903,상장채권/NNG,2.1541469037587246,14.0,9.0,23.0
904,유통시장/NNG,1.411439660841912,371.0,364.0,735.0
905,연기금/NNG,1.3466246597682892,529.0,544.0,1073.0
906,주택담보/NNG,1.7624838303480477,14.0,11.0,25.0
907,예산정책처/NNG,2.0772130857673416,12.0,8.0,20.0
908,최대/NNG;상승/NNG,2.176127994613406,11.0,7.0,18.0
909,자동/NNG,1.846411631793193,116.0,87.0,203.0
910,소각/NNG,2.0772130857673416,21.0,14.0,35.0
911,상치/NNG,1.5548729530890044,64.0,57.0,121.0
912,원천징수/NNG,1.78046835922915,18.0,14.0,32.0
913,유효경쟁/NNG,1.314052073721433,390.0,411.0,801.0
914,이념/NNG,3.363106900766172,17.0,7.0,24.0
915,약화/NNG;우려/NNG,1.731010904806118,10.0,8.0,18.0
916,행정/NNG,1.4713592690852002,68.0,64.0,132.0
917,사격/NNG,2.215693958151831,16.0,10.0,26.0
918,선수금/NNG,1.3848087238448945,26.0,26.0,52.0
919,우수기업/NNG,3.692823263586386,16.0,6.0,22.0
920,시장조성자/NNG,4.846830533457131,14.0,4.0,18.0
921,엔지니어링/NNG,1.717162817567669,31.0,25.0,56.0
922,대상기업/NNG,1.3008809223997493,62.0,66.0,128.0
923,비대칭/NNG,2.49265570292081,27.0,15.0,42.0
924,탄생/NNG,1.3155682876526495,19.0,20.0,39.0
925,개헌/NNG,1.5579098143255063,9.0,8.0,17.0
926,기대/NNG;줄/VV,1.5386763598276605,10.0,9.0,19.0
927,아웃퍼폼/NNG,1.6990090225323915,146.0,119.0,265.0
928,필연/NNG,1.3848087238448945,18.0,18.0,36.0
929,분양대금/NNG,2.3739578123055334,12.0,7.0,19.0
930,자본/NNG,1.3110765580098236,1547.0,1634.0,3181.0
931,관리비/NNG,2.176127994613406,11.0,7.0,18.0
932,결손/NNG,1.4662680605416532,18.0,17.0,35.0
933,자산계정/NNG,5.539234895379577,20.0,5.0,25.0
934,선발행/NNG,4.406209575870119,35.0,11.0,46.0
935,물가안정목표제/NNG,1.5874636590417082,47.0,41.0,88.0
936,스퀴즈/NNG,11.078469790759156,16.0,2.0,18.0
937,잔치/NNG,3.6005026819967254,13.0,5.0,18.0
938,대부업/NNG,2.9427185381704013,51.0,24.0,75.0
939,평점/NNG,1.3848087238448945,9.0,9.0,18.0
940,수출경합도/NNG,1.3848087238448945,10.0,10.0,20.0
941,일감/NNG,4.327527262015295,25.0,8.0,33.0
942,뉘앙스/NNG,2.4500462037255826,23.0,13.0,36.0
943,제조업/NNG;부진/NNG,1.3848087238448945,16.0,16.0,32.0
944,시가평가/NNG,2.769617447689789,38.0,19.0,57.0
945,변이/NNG,2.571787629997661,26.0,14.0,40.0
946,버티/VV,1.3137928918528488,37.0,39.0,76.0
947,급등락/NNG,2.007972649575097,29.0,20.0,49.0
948,사직서/NNG,2.53881599371564,11.0,6.0,17.0
949,계절조정/NNG,1.3493008078488715,76.0,78.0,154.0
950,척결/NNG,3.9236247175605343,17.0,6.0,23.0
951,다주택자/NNG,1.3848087238448945,15.0,15.0,30.0
952,직급/NNG,3.39375659083115,174.0,71.0,245.0
953,잃어버린/VV,1.6156101778190437,14.0,12.0,26.0
954,자본잉여금/NNG,1.681553450383086,17.0,14.0,31.0
955,내전/NNG,2.391942341186636,19.0,11.0,30.0
956,저작물/NNG,1.3237142213223256,260.0,272.0,532.0
957,어렵/VA;금리/NNG;인상/NNG,2.3739578123055334,12.0,7.0,19.0
958,유상증자/NNG,1.4700277222353495,138.0,130.0,268.0
959,두루/MAG,1.3848087238448945,9.0,9.0,18.0
960,불황/NNG,1.5069977288900325,111.0,102.0,213.0
961,가열/NNG,1.6925439958104267,11.0,9.0,20.0
962,강경/NNG,2.0949670437653536,59.0,39.0,98.0
963,전전월/NNG,1.3848087238448945,16.0,16.0,32.0
964,전선/NNG,1.540246437745852,109.0,98.0,207.0
965,모기지/NNG;금리/NNG;상승/NNG,1.4913324718329632,14.0,13.0,27.0
966,윤현/NNG,2.4083629979911207,40.0,23.0,63.0
967,국고채/NNG;통안채/NNG;스프레드/NNG;축소/NNG,2.769617447689789,48.0,24.0,72.0
968,수출/NNG;확대/NNG,1.5107004260126122,12.0,11.0,23.0
969,대부/NNG,2.0772130857673416,69.0,46.0,115.0
970,통화정책/NNG;불확실성/NNG;해소/NNG,6.924043619224471,25.0,5.0,30.0
971,재부/NNG,1.523289596229384,11.0,10.0,21.0
972,인플레이션/NNG;부담/NNG,1.3848087238448945,17.0,17.0,34.0
973,절하/NNG,1.5084523599024744,427.0,392.0,819.0
974,외화대출/NNG,1.90411199528673,11.0,8.0,19.0
975,용인/NNG,1.3322210507874934,76.0,79.0,155.0
976,금리/NNG;상승/NNG;하락/NNG,1.4507519964089373,22.0,21.0,43.0
977,견실/NNG,1.4238174202912297,73.0,71.0,144.0
978,파괴/NNG,1.603462732873036,22.0,19.0,41.0
979,공연/NNG,1.3848087238448945,9.0,9.0,18.0
980,일본채/NNG,1.5826385415370223,64.0,56.0,120.0
981,보험료/NNG,2.108974753745436,166.0,109.0,275.0
982,대지진/NNG,2.3739578123055334,12.0,7.0,19.0
983,미칠지/VV,1.4617425418362773,19.0,18.0,37.0
984,재정/NNG;확장/NNG,1.6617704686138732,12.0,10.0,22.0
985,자가/NNG,1.523289596229384,22.0,20.0,42.0
986,자재/NNG,1.8464116317931925,56.0,42.0,98.0
987,경기/NNG;선행/NNG;지수/NNG;상승/NNG,1.6617704686138737,18.0,15.0,33.0
988,예금채권/NNG,2.0515684797702143,120.0,81.0,201.0
989,여겨진다/VV,1.3119240541688475,18.0,19.0,37.0
990,통안채/NNG;하락/NNG,1.3848087238448947,11.0,11.0,22.0
991,가계/NNG;부채/NNG;증가/NNG;지정학/NNG;위험/NNG,1.3848087238448945,12.0,12.0,24.0
992,기상/NNG,1.4771293054345545,16.0,15.0,31.0
993,금융거래세/NNG,6.924043619224471,25.0,5.0,30.0
994,도매업/NNG,2.631136575305299,19.0,10.0,29.0
995,부품/NNG,2.186843776405063,379.0,240.0,619.0
996,금년도/NNG,1.5579098143255063,36.0,32.0,68.0
997,불법/NNG,1.942865970767464,94.0,67.0,161.0
998,금리/NNG;하단/NNG,1.308720332424845,86.0,91.0,177.0
999,순현금/NNG,1.6617704686138737,18.0,15.0,33.0
1000,맥락/NNG,1.403522355248204,75.0,74.0,149.0
1001,고용/NNG;부진/NNG,1.563493720470042,35.0,31.0,66.0
1002,시험/NNG,1.6256450236440063,27.0,23.0,50.0
1003,엑스/NNG,2.596516357209177,30.0,16.0,46.0
1004,수시/NNG,1.3848087238448945,45.0,45.0,90.0
1005,부정적/VAX;하락/NNG,2.30801453974149,15.0,9.0,24.0
1006,조화/NNG,1.846411631793193,16.0,12.0,28.0
1007,예정이율/NNG,31.85060064843257,92.0,4.0,96.0
1008,서프라이즈/NNG,1.3338341695929352,157.0,163.0,320.0
1009,베일인/NNG,3.877464426765705,42.0,15.0,57.0
1010,잡아가/VV,2.0772130857673416,15.0,10.0,25.0
1011,열쇠/NNG,2.1926138127544164,19.0,12.0,31.0
1012,금리/NNG;상승/NNG;부담/NNG,1.681553450383086,17.0,14.0,31.0
1013,법안/NNG,1.6956841516468095,180.0,147.0,327.0
1014,국고채/NNG;발행/NNG;감소/NNG,2.0772130857673416,15.0,10.0,25.0
1015,판매비율/NNG,2.1541469037587246,14.0,9.0,23.0
1016,묶여/VV,1.704379967809101,16.0,13.0,29.0
1017,채권시장/NNG;부담/NNG,1.3848087238448945,21.0,21.0,42.0
1018,재정자금/NNG,1.523289596229384,11.0,10.0,21.0
1019,살필/VV,2.0772130857673416,12.0,8.0,20.0
1020,드레드레/MAG,1.3848087238448945,31.0,31.0,62.0
1021,대주단/NNG,1.3848087238448945,45.0,45.0,90.0
1022,ebitda/NNG,1.3234132631818205,388.0,406.0,794.0
1023,무림/NNG,1.846411631793193,32.0,24.0,56.0
1024,대륙/NNG,4.154426171534683,18.0,6.0,24.0
1025,공시기준/NNG,2.391942341186636,19.0,11.0,30.0
1026,복병/NNG,1.5386763598276605,20.0,18.0,38.0
1027,임금/NNG;상승률/NNG;높/VA,2.769617447689789,12.0,6.0,18.0
1028,안보리/NNG,1.3848087238448945,12.0,12.0,24.0
1029,하락국면/NNG,1.4507519964089373,22.0,21.0,43.0
1030,금리/NNG;오르/VV;않/VX,1.3848087238448945,10.0,10.0,20.0
1031,위성/NNG,1.3848087238448947,11.0,11.0,22.0
1032,주효/NNG,2.0772130857673416,15.0,10.0,25.0
1033,bb등급/NNG,2.851076784386547,35.0,17.0,52.0
1034,목표/NNG,1.619386070726596,3431.0,2934.0,6365.0
1035,소속/NNG,1.3848087238448945,66.0,66.0,132.0
1036,언젠가/MAG,1.6858540985937844,28.0,23.0,51.0
1037,부정부패/NNG,2.4234152667285653,14.0,8.0,22.0
1038,국제화/NNG,7.61644798114692,22.0,4.0,26.0
1039,치예/NNG,1.5305780631969883,63.0,57.0,120.0
1040,안정/NNG;상승/NNG,1.681553450383086,17.0,14.0,31.0
1041,녹록/NNG,1.5978562198210322,30.0,26.0,56.0
1042,관광객/NNG,1.477129305434554,48.0,45.0,93.0
1043,순우/NNG,5.943137439834339,103.0,24.0,127.0
1044,동두천/NNG,1.4837236326909584,30.0,28.0,58.0
1045,부족액/NNG,1.63659212818033,13.0,11.0,24.0
1046,유지비/NNG,6.577841438263248,19.0,4.0,23.0
1047,국가부도위험/NNG,1.3848087238448947,11.0,11.0,22.0
1048,회전율/NNG,1.4507519964089373,22.0,21.0,43.0
1049,신용등급/NNG;상향/NNG,1.355958542098126,47.0,48.0,95.0
1050,소매/NNG;판매/NNG;부진/NNG,2.53881599371564,11.0,6.0,17.0
1051,파동/NNG,3.1652770830740447,16.0,7.0,23.0
1052,듀레이션/NNG;길/VA,2.30801453974149,15.0,9.0,24.0
1053,전공의/NNG,1.3155682876526495,19.0,20.0,39.0
1054,상향/NNG;전망/NNG;상향/NNG,1.3271083603513574,23.0,24.0,47.0
1055,거래처/NNG,2.1401589368512006,17.0,11.0,28.0
1056,자산효과/NNG,2.0364834174189625,25.0,17.0,42.0
1057,적체/NNG,1.9782981769212775,10.0,7.0,17.0
1058,재무/NNG;안정성/NNG;개선/NNG,1.6156101778190437,28.0,24.0,52.0
1059,roe/NNG,1.415133002469235,140.0,137.0,277.0
1060,비고/NNG,1.488152658460185,72.0,67.0,139.0
1061,보험금/NNG,1.81090371579717,51.0,39.0,90.0
1062,집약/NNG,1.5579098143255063,9.0,8.0,17.0
1063,경기/NNG;상승/NNG,1.6156101778190437,28.0,24.0,52.0
1064,주전주전/MAG,1.3848087238448945,9.0,9.0,18.0
1065,위기감/NNG,1.8464116317931925,28.0,21.0,49.0
1066,통화정책/NNG;금리/NNG;인하/NNG,1.3848087238448945,10.0,10.0,20.0
1067,에스티/NNG,2.0772130857673416,15.0,10.0,25.0
1068,리보금리/NNG,3.095454794476823,76.0,34.0,110.0
1069,관리국/NNG,3.877464426765704,14.0,5.0,19.0
1070,다급/NNG,4.846830533457131,14.0,4.0,18.0
1071,팔라듐/NNG,1.90411199528673,11.0,8.0,19.0
1072,지준율/NNG;인상/NNG,3.1158196286510127,18.0,8.0,26.0
1073,중국발/NNG,1.3218628727610358,42.0,44.0,86.0
1074,괜찮/VA,1.4243746873833198,36.0,35.0,71.0
1075,여전/NNG,1.613623934669524,677.0,581.0,1258.0
1076,edi/NNG,2.30801453974149,15.0,9.0,24.0
1077,네모/NNG,1.4713592690852002,17.0,16.0,33.0
1078,소원/NNG,1.426772624567467,34.0,33.0,67.0
1079,예탁/NNG,2.3876012480084388,50.0,29.0,79.0
1080,메자닌/NNG,4.431387916303662,16.0,5.0,21.0
1081,삭감/NNG,1.5217678284009828,100.0,91.0,191.0
1082,투자/NNG;수요/NNG;감소/NNG,1.5579098143255063,9.0,8.0,17.0
1083,금회/NNG,1.9618123587802672,17.0,12.0,29.0
1084,헬리콥터머니/NNG,3.877464426765704,14.0,5.0,19.0
1085,기대/NNG;확대/NNG,3.288920719131624,19.0,8.0,27.0
1086,강수량/NNG,8.308852343069367,24.0,4.0,28.0
1087,융합/NNG,1.7624838303480477,14.0,11.0,25.0
1088,터널/NNG,1.9782981769212775,10.0,7.0,17.0
1089,재료/NNG,1.4208023842457878,750.0,731.0,1481.0
1090,사의/NNG,2.0772130857673416,24.0,16.0,40.0
1091,채권시장/NNG;금리/NNG;상승/NNG,1.6617704686138732,24.0,20.0,44.0
1092,염려/NNG,2.0002792677759587,26.0,18.0,44.0
1093,본부/NNG,1.3159053151949591,1757.0,1849.0,3606.0
1094,쏟아진/VV,1.3848087238448945,10.0,10.0,20.0
1095,발효/NNG,1.7576418418031354,33.0,26.0,59.0
1096,불합격/NNG,5.539234895379578,16.0,4.0,20.0
1097,경기/NNG;하방/NNG;위험/NNG;확대/NNG,1.5386763598276605,10.0,9.0,19.0
1098,확충/NNG,1.442509087338432,350.0,336.0,686.0
1099,상승룸/NNG,2.53881599371564,11.0,6.0,17.0
1100,만기상환/NNG,1.4477545749287537,23.0,22.0,45.0
1101,범죄/NNG,2.215693958151831,40.0,25.0,65.0
1102,재량/NNG,3.138899774048428,34.0,15.0,49.0
1103,다분히/MAG,2.1073176232422304,35.0,23.0,58.0
1104,거래비중/NNG,1.895001411577224,52.0,38.0,90.0
1105,잠재/NNG;성장/NNG,1.8883755325157652,15.0,11.0,26.0
1106,세계/NNG;경제/NNG;회복/NNG,1.3271083603513574,23.0,24.0,47.0
1107,성장기여도/NNG,1.3141552175262772,93.0,98.0,191.0
1108,원론/NNG,2.431108648527704,79.0,45.0,124.0
1109,의제/NNG,4.039025444547609,35.0,12.0,47.0
1110,발행세/NNG,1.6485818141010646,25.0,21.0,46.0
1111,발달/NNG,1.8833398644290564,34.0,25.0,59.0
1112,응답기업/NNG,1.9782981769212775,10.0,7.0,17.0
1113,정책조합/NNG,2.176127994613406,22.0,14.0,36.0
1114,복지부/NNG,11.078469790759156,16.0,2.0,18.0
1115,실업률/NNG;상승/NNG,1.3245996488951166,22.0,23.0,45.0
1116,감세정책/NNG,1.3848087238448945,38.0,38.0,76.0
1117,부통령/NNG,1.3078749058535113,17.0,18.0,35.0
1118,비용/NNG;높/VA,2.176127994613406,11.0,7.0,18.0
1119,보험/NNG,1.4871464946392974,1831.0,1705.0,3536.0
1120,하이일드/NNG,1.4547485583825157,520.0,495.0,1015.0
1121,경제/NNG;지표/NNG;혼조/NNG,1.5579098143255063,9.0,8.0,17.0
1122,상관관계/NNG,1.3151328132111892,151.0,159.0,310.0
1123,수혜업종/NNG,1.5386763598276605,10.0,9.0,19.0
1124,국회의원/NNG,1.4402010727986905,26.0,25.0,51.0
1125,추경안/NNG,1.3848087238448945,14.0,14.0,28.0
1126,카플란/NNG,1.3848087238448945,9.0,9.0,18.0
1127,중장기영역/NNG,1.5543771390095753,55.0,49.0,104.0
1128,주의깊/VA,1.3848087238448945,30.0,30.0,60.0
1129,통화정책방향결정회의/NNG,2.3541748305363206,17.0,10.0,27.0
1130,객관/NNG,1.3271083603513574,23.0,24.0,47.0
1131,액면가/NNG,1.7145250866651076,26.0,21.0,47.0
1132,티어/NNG,2.967447265381917,15.0,7.0,22.0
1133,탕감/NNG,2.023951211773307,19.0,13.0,32.0
1134,나스/VV,2.4618821757242566,96.0,54.0,150.0
1135,당부/NNG,1.467483871537127,213.0,201.0,414.0
1136,종사자/NNG,3.6005026819967263,39.0,15.0,54.0
1137,행정처분/NNG,1.731010904806118,10.0,8.0,18.0
1138,휴식/NNG,2.0772130857673416,12.0,8.0,20.0
1139,커버리지비율/NNG,1.6540770868147348,43.0,36.0,79.0
1140,할부금융/NNG,1.7492320722251298,48.0,38.0,86.0
1141,가액/NNG,1.503506614460171,38.0,35.0,73.0
1142,허위/NNG,1.938732213382852,14.0,10.0,24.0
1143,폐업/NNG,1.3553447084439394,46.0,47.0,93.0
1144,말년/NNG,22.156939581518312,16.0,1.0,17.0
1145,고용률/NNG,1.4290047469463274,97.0,94.0,191.0
1146,결의/NNG,1.3848087238448947,39.0,39.0,78.0
1147,전망/NNG;경기/NNG;부양/NNG,2.3739578123055334,12.0,7.0,19.0
1148,폐쇄/NNG,1.3985197013087054,204.0,202.0,406.0
1149,외화부채/NNG,1.9618123587802672,17.0,12.0,29.0
1150,힘쓸/VV,2.53881599371564,11.0,6.0,17.0
1151,선물환/NNG,2.53881599371564,165.0,90.0,255.0
1152,코리아디스카운트/NNG,1.7921054073286873,22.0,17.0,39.0
1153,조국/NNG,1.4662680605416532,18.0,17.0,35.0
1154,리프트/NNG,7.847249435121069,17.0,3.0,20.0
1155,수령액/NNG,5.539234895379578,16.0,4.0,20.0
1156,부정적/VAX;안정/NNG;부정적/VAX,2.3541748305363206,17.0,10.0,27.0
1157,벌어들인/VV,2.3739578123055334,12.0,7.0,19.0
1158,디딤돌/NNG,1.5925300324216285,23.0,20.0,43.0
1159,손익분기/NNG,1.990662540527036,23.0,16.0,39.0
1160,원전사태/NNG,23.541748305363203,17.0,1.0,18.0
1161,플러스/NNG;성장/NNG,2.176127994613406,11.0,7.0,18.0
1162,기우/NNG,6.231639257302025,36.0,8.0,44.0
1163,한하/VV,1.7921054073286873,44.0,34.0,78.0
1164,파산제도/NNG,23.541748305363203,17.0,1.0,18.0
1165,생활권/NNG,1.9387322133828528,21.0,15.0,36.0
1166,미/NNG;금리/NNG;상승/NNG,1.5579098143255063,45.0,40.0,85.0
1167,양키본드/NNG,13.155682876526496,19.0,2.0,21.0
1168,하락/NNG;금리/NNG;하락/NNG,3.877464426765704,14.0,5.0,19.0
1169,가릴/VV,1.9782981769212775,10.0,7.0,17.0
1170,통방문구/NNG,2.596516357209177,15.0,8.0,23.0
1171,상반/NNG,1.5404052096701637,99.0,89.0,188.0
1172,차분/NNG,1.6617704686138732,12.0,10.0,22.0
1173,휴지기/NNG,1.6235688486457385,34.0,29.0,63.0
1174,여론/NNG,1.608164969626329,72.0,62.0,134.0
1175,가격/NNG;부담/NNG;인식/NNG;높/VA,23.541748305363203,17.0,1.0,18.0
1176,유동자산/NNG,6.924043619224473,75.0,15.0,90.0
1177,접어드/VV,2.6157498117070226,17.0,9.0,26.0
1178,거짓말/NNG,29.080983200742786,21.0,1.0,22.0
1179,진료/NNG,1.487387147833405,29.0,27.0,56.0
1180,대답/NNG,1.8883755325157652,15.0,11.0,26.0
1181,방역/NNG,4.673729442976518,54.0,16.0,70.0
1182,세계/NNG;교역/NNG;신장/NNG,1.3848087238448945,12.0,12.0,24.0
1183,일민/NNG,1.5758168236855696,33.0,29.0,62.0
1184,채권/NNG;금리/NNG;하락/NNG;압력/NNG,2.0772130857673416,12.0,8.0,20.0
1185,환율효과/NNG,1.5386763598276605,10.0,9.0,19.0
1186,위험자산/NNG;상승/NNG,1.7310109048061182,15.0,12.0,27.0
1187,진심/NNG,1.9782981769212775,10.0,7.0,17.0
1188,중국a주/NNG,6.231639257302025,18.0,4.0,22.0
1189,잉여/NNG,1.5623483038250094,44.0,39.0,83.0
1190,fed/NNG;완화/NNG,1.3848087238448945,23.0,23.0,46.0
1191,부동산펀드/NNG,1.62918673393517,20.0,17.0,37.0
1192,국채선물/NNG;순매도/NNG;전환/NNG;수급/NNG;부담/NNG,4.431387916303662,16.0,5.0,21.0
1193,주택/NNG;지표/NNG;부진/NNG,1.9782981769212775,10.0,7.0,17.0
1194,끈적/NNG,1.7106460706319286,21.0,17.0,38.0
1195,부실채권/NNG,1.3466947222711818,212.0,218.0,430.0
1196,예상/NNG;웃돌/VV,1.3848087238448945,55.0,55.0,110.0
1197,대회/NNG,1.3848087238448945,30.0,30.0,60.0
1198,외환위기/NNG,1.3466947222711818,106.0,109.0,215.0
1199,발행재개/NNG,1.3848087238448945,14.0,14.0,28.0
1200,후강퉁/NNG,1.5002094508319692,13.0,12.0,25.0
1201,일반회계/NNG,2.0772130857673416,12.0,8.0,20.0
1202,금융지주사/NNG,2.130474959761376,20.0,13.0,33.0
1203,매달/NNG,2.53881599371564,11.0,6.0,17.0
1204,글로벌/NNG;교역/NNG;감소/NNG,1.90411199528673,11.0,8.0,19.0
1205,야당/NNG,1.4142727392458496,48.0,47.0,95.0
1206,활성/NNG,2.0002792677759587,13.0,9.0,22.0
1207,저유가/NNG,1.5848366506224902,103.0,90.0,193.0
1208,유통량/NNG,4.500628352495907,13.0,4.0,17.0
1209,기초/NNG,1.4063342480497372,392.0,386.0,778.0
1210,반년/NNG,1.817561450046424,21.0,16.0,37.0
1211,링크/NNG,1.3294163748910983,24.0,25.0,49.0
1212,귀환/NNG,1.90411199528673,11.0,8.0,19.0
1213,수익성/NNG;하락/NNG,1.62918673393517,20.0,17.0,37.0
1214,펼쳐질/VV,1.3848087238448945,9.0,9.0,18.0
1215,국무총리/NNG,2.0002792677759587,13.0,9.0,22.0
1216,영업이익/NNG;감소/NNG,1.63659212818033,13.0,11.0,24.0
1217,기울일/VV,1.5526643267351847,37.0,33.0,70.0
1218,만기금액/NNG,1.455504664701841,350.0,333.0,683.0
1219,대보/NNG,3.3235409372277465,12.0,5.0,17.0
1220,우발채무/NNG,1.3271083603513572,69.0,72.0,141.0
1221,확립/NNG,1.8793832680752136,19.0,14.0,33.0
1222,아제/NNG,1.4325607488050631,90.0,87.0,177.0
1223,신용/NNG;하락/NNG,1.3848087238448945,9.0,9.0,18.0
1224,구성비중/NNG,3.231220355638087,21.0,9.0,30.0
1225,정유/NNG,1.740367720507773,279.0,222.0,501.0
1226,급여/NNG,1.552964068883203,157.0,140.0,297.0
1227,기대/NNG;약화/NNG,1.673310541312581,29.0,24.0,53.0
1228,종류별/NNG,2.19479118496172,84.0,53.0,137.0
1229,총계/NNG,2.1865400902814125,30.0,19.0,49.0
1230,관세청/NNG,1.9489900557817037,38.0,27.0,65.0
1231,베팅/NNG,2.3015130903337684,944.0,568.0,1512.0
1232,신호탄/NNG,1.8109037157971697,17.0,13.0,30.0
1233,미침/VV,2.0002792677759587,13.0,9.0,22.0
1234,행정리/NNG,6.462440711276174,14.0,3.0,17.0
1235,정확도/NNG,1.3848087238448945,9.0,9.0,18.0
1236,입안자/NNG,3.363106900766172,17.0,7.0,24.0
1237,금리/NNG;인하/NNG;기대/NNG;살/VV,2.769617447689789,12.0,6.0,18.0
1238,석실/NNG,1.9618123587802672,34.0,24.0,58.0
1239,빈곤/NNG,4.616029079482982,20.0,6.0,26.0
1240,외화자산/NNG,4.846830533457131,14.0,4.0,18.0
1241,매수주체/NNG,1.318865451280852,40.0,42.0,82.0
1242,증권/NNG,1.3286045366313477,4255.0,4435.0,8690.0
1243,발판/NNG,1.4576933935209415,20.0,19.0,39.0
1244,하향/NNG;상향/NNG,1.5386763598276605,10.0,9.0,19.0
1245,환금성/NNG,1.6925439958104267,11.0,9.0,20.0
1246,기습/NNG,2.461882175724257,16.0,9.0,25.0
1247,투자/NNG;둔화/NNG,1.523289596229384,11.0,10.0,21.0
1248,경제장관회의/NNG,3.877464426765704,14.0,5.0,19.0
1249,자산/NNG;가격/NNG;하락/NNG,1.6617704686138732,12.0,10.0,22.0
1250,사업비율/NNG,4.480263518321718,55.0,17.0,72.0
1251,샐러드/NNG,1.3848087238448947,11.0,11.0,22.0
1252,신용등급/NNG;하락/NNG,1.4243746873833198,36.0,35.0,71.0
1253,부도/NNG,1.5654359486942286,156.0,138.0,294.0
1254,신계약비/NNG,11.078469790759156,16.0,2.0,18.0
1255,트렌드분석/NNG,16.617704686138733,24.0,2.0,26.0
1256,fed/NNG;자산/NNG;매입/NNG;축소/NNG,1.3848087238448945,13.0,13.0,26.0
1257,인구구조/NNG,1.303349387148136,48.0,51.0,99.0
1258,한계기업/NNG,1.8535132149923972,87.0,65.0,152.0
1259,미/NNG;금리/NNG;급등/NNG,2.769617447689789,24.0,12.0,36.0
1260,제이차/NNG,2.423415266728565,63.0,36.0,99.0
1261,정책/NNG;강화/NNG,1.4913324718329632,14.0,13.0,27.0
1262,g7/NNG,1.3008809223997493,62.0,66.0,128.0
1263,상고하저/NNG,2.769617447689789,32.0,16.0,48.0
1264,판로/NNG,2.596516357209177,15.0,8.0,23.0
1265,재정승수/NNG,2.343522455737514,22.0,13.0,35.0
1266,이메일/NNG,3.1652770830740447,176.0,77.0,253.0
1267,연금보험/NNG,2.215693958151831,16.0,10.0,26.0
1268,다행히/MAG,1.4402010727986905,26.0,25.0,51.0
1269,상하방/NNG;위험/NNG,1.3848087238448945,13.0,13.0,26.0
1270,하단/NNG,1.3826036144120204,627.0,628.0,1255.0
1271,녹색산업/NNG,4.846830533457131,14.0,4.0,18.0
1272,말미암/VV,1.731010904806118,10.0,8.0,18.0
1273,적절/NNG,1.4218781734315649,537.0,523.0,1060.0
1274,우려/NNG;아니/VCN,1.3848087238448945,9.0,9.0,18.0
1275,보정/NNG,4.431387916303662,32.0,10.0,42.0
1276,여천/NNG,1.3049159128538428,49.0,52.0,101.0
1277,영업외수익/NNG,4.550085806918939,23.0,7.0,30.0
1278,에너지산업/NNG,1.4913324718329632,14.0,13.0,27.0
1279,처해/VV,1.3848087238448947,11.0,11.0,22.0
1280,물가/NNG;압력/NNG,1.5579098143255063,27.0,24.0,51.0
1281,막판/NNG,1.3085807206974691,103.0,109.0,212.0
1282,중위수/NNG,6.231639257302025,18.0,4.0,22.0
1283,휴장/NNG,1.3245996488951166,88.0,92.0,180.0
1284,유익/NNG,2.4234152667285653,14.0,8.0,22.0
1285,에너지기업/NNG,1.5552467206258047,73.0,65.0,138.0
1286,앞서간/VV,1.7624838303480477,14.0,11.0,25.0
1287,외부/NNG;압력/NNG,1.6975074679389026,38.0,31.0,69.0
1288,부동산/NNG;안정/NNG,1.523289596229384,11.0,10.0,21.0
1289,집세/NNG,1.5386763598276605,30.0,27.0,57.0
1290,돌아온/VV,1.3848087238448945,15.0,15.0,30.0
1291,절대/MAG;금리/NNG;매력/NNG;높/VA,2.1401589368512006,17.0,11.0,28.0
1292,탄핵안/NNG,1.8883755325157652,15.0,11.0,26.0
1293,각오/NNG,3.1652770830740447,16.0,7.0,23.0
1294,수도/NNG,1.3092737025442638,52.0,55.0,107.0
1295,오해/NNG,2.1136554206053653,29.0,19.0,48.0
1296,체력/NNG,1.5978562198210322,45.0,39.0,84.0
1297,안정성/NNG;높/VA,1.3848087238448945,21.0,21.0,42.0
1298,경제/NNG;지표/NNG;양호/NNG,1.7624838303480477,14.0,11.0,25.0
1299,장병/NNG,1.8464116317931925,12.0,9.0,21.0
1300,소비/NNG;진작/NNG,1.3848087238448945,13.0,13.0,26.0
1301,매출/NNG;확대/NNG,1.7624838303480477,14.0,11.0,25.0
1302,모여/VV,1.8883755325157652,15.0,11.0,26.0
1303,토빈세/NNG,3.738983554381215,54.0,20.0,74.0
1304,한미fta/NNG,1.6925439958104267,22.0,18.0,40.0
1305,계속기업/NNG,1.3848087238448947,11.0,11.0,22.0
1306,허리/NNG,4.846830533457131,14.0,4.0,18.0
1307,주리/NNG,3.472056655437199,173.0,69.0,242.0
1308,정치/NNG;위험/NNG;확대/NNG,1.8002513409983627,13.0,10.0,23.0
1309,연정/NNG,2.3643075772961613,140.0,82.0,222.0
1310,공급/NNG;증가/NNG,1.4617425418362773,19.0,18.0,37.0
1311,상향/NNG;안정/NNG,1.4771293054345545,16.0,15.0,31.0
1312,공기/NNG,2.0772130857673416,15.0,10.0,25.0
1313,보간법/NNG,1.3401374746886074,30.0,31.0,61.0
1314,말잔/NNG,2.868532356535853,29.0,14.0,43.0
1315,불어넣/VV,1.4913324718329632,14.0,13.0,27.0
1316,와중/NNG,1.416281649386824,45.0,44.0,89.0
1317,허리케인/NNG,2.324500357882501,47.0,28.0,75.0
1318,해운/NNG,1.4219491877028034,268.0,261.0,529.0
1319,농업/NNG,2.335167651973743,86.0,51.0,137.0
1320,구두/NNG,1.3518370875628731,41.0,42.0,83.0
1321,중위값/NNG,1.573646277096471,25.0,22.0,47.0
1322,포천/NNG,1.795122419798937,35.0,27.0,62.0
1323,적자전환/NNG,2.8388578838820333,41.0,20.0,61.0
1324,청라/NNG,5.885437076340801,17.0,4.0,21.0
1325,내수/NNG;개선/NNG,2.30801453974149,15.0,9.0,24.0
1326,현저/NNG,1.90411199528673,33.0,24.0,57.0
1327,경쟁심/NNG,1.795122419798937,35.0,27.0,62.0
1328,지속성/NNG,1.8134399955111715,110.0,84.0,194.0
1329,월물간/NNG,3.3850879916208534,22.0,9.0,31.0
1330,디플레이션갭/NNG;축소/NNG,1.5107004260126122,12.0,11.0,23.0
1331,인구증가/NNG,1.3848087238448945,9.0,9.0,18.0
1332,단기/NNG;금리/NNG;급등/NNG,1.3848087238448945,14.0,14.0,28.0
1333,첨언/NNG,2.4508125616247773,246.0,139.0,385.0
1334,투자/NNG;수요/NNG;많/VA,1.731010904806118,10.0,8.0,18.0
1335,내수/NNG;부양/NNG,2.1401589368512006,17.0,11.0,28.0
1336,높/VA;상승/NNG,2.0772130857673416,21.0,14.0,35.0
1337,똑같/VA,1.5107004260126122,12.0,11.0,23.0
1338,기간프리미엄/NNG,2.6947629220765514,72.0,37.0,109.0
1339,분양/NNG,1.303614727007083,289.0,307.0,596.0
1340,관성/NNG,1.8109037157971697,17.0,13.0,30.0
1341,신흥국/NNG;성장/NNG,1.523289596229384,11.0,10.0,21.0
1342,정치/NNG;불안/NNG,1.5166952689729798,23.0,21.0,44.0
1343,질의응답/NNG,1.731010904806118,10.0,8.0,18.0
1344,북한리스크/NNG,1.78046835922915,90.0,70.0,160.0
1345,합산비율/NNG,9.347458885953037,27.0,4.0,31.0
1346,경기/NNG;불확실성/NNG,1.5232895962293842,33.0,30.0,63.0
1347,사회안전망/NNG,1.8464116317931925,12.0,9.0,21.0
1348,이성/NNG,3.4620218096122364,15.0,6.0,21.0
1349,글로벌/NNG;불확실성/NNG,1.4913324718329632,14.0,13.0,27.0
1350,소비/NNG;완만/NNG;증가/NNG,2.769617447689789,12.0,6.0,18.0
1351,투자대상/NNG,1.5107004260126122,60.0,55.0,115.0
1352,가점/NNG,1.5107004260126122,12.0,11.0,23.0
1353,동조성/NNG,4.154426171534683,15.0,5.0,20.0
1354,곳곳/NNG,1.7310109048061182,30.0,24.0,54.0
1355,공백/NNG,1.5610571068796992,124.0,110.0,234.0
1356,합의문/NNG,1.3848087238448945,10.0,10.0,20.0
1357,단기물/NNG;금리/NNG;스프레드/NNG;부담/NNG,8.308852343069367,24.0,4.0,28.0
1358,증권신고서/NNG,1.4507519964089373,22.0,21.0,43.0
1359,채국/NNG,3.531262245804481,51.0,20.0,71.0
1360,증발/NNG,1.90411199528673,22.0,16.0,38.0
1361,국채/NNG;발행/NNG;성공/NNG,2.3739578123055334,12.0,7.0,19.0
1362,식순/NNG,3.231220355638087,14.0,6.0,20.0
1363,청구자/NNG,2.176127994613406,11.0,7.0,18.0
1364,이체/NNG,1.8793832680752136,19.0,14.0,33.0
1365,무겁/VA,1.7624838303480477,28.0,22.0,50.0
1366,연안/NNG,2.967447265381917,15.0,7.0,22.0
1367,트론/NNG,1.3440790554965154,33.0,34.0,67.0
1368,심층/NNG,1.7540910502035332,19.0,15.0,34.0
1369,유동부채/NNG,12.63637960508466,73.0,8.0,81.0
1370,회사채/NNG;신용스프레드/NNG;확대/NNG,1.5386763598276605,10.0,9.0,19.0
1371,다각화/NNG,1.5232895962293838,55.0,50.0,105.0
1372,불안/NNG;크/VV,1.3848087238448945,17.0,17.0,34.0
1373,임계점/NNG,2.176127994613406,11.0,7.0,18.0
1374,뱅크론/NNG,1.4402010727986905,26.0,25.0,51.0
1375,장세/NNG,1.5069977288900325,407.0,374.0,781.0
1376,중국인/NNG,1.523289596229384,22.0,20.0,42.0
1377,보수당/NNG,1.6617704686138732,24.0,20.0,44.0
1378,재무/NNG;부담/NNG;완화/NNG,1.731010904806118,10.0,8.0,18.0
1379,순환변동/NNG,1.7310109048061175,25.0,20.0,45.0
1380,오프/NNG,13.848087238448944,20.0,2.0,22.0
1381,실업보험/NNG,1.3848087238448945,13.0,13.0,26.0
1382,베버리지곡선/NNG,1.9782981769212775,10.0,7.0,17.0
1383,할인채/NNG,5.539234895379577,28.0,7.0,35.0
1384,삼양/NNG,1.603462732873036,22.0,19.0,41.0
1385,제로/NNG,1.6156101778190437,28.0,24.0,52.0
1386,경기/NNG;불확실성/NNG;증가/NNG,5.193032714418354,15.0,4.0,19.0
1387,거래세/NNG,2.0471085482924525,68.0,46.0,114.0
1388,대외/NNG,1.3036902211928922,1125.0,1195.0,2320.0
1389,주주환원정책/NNG,1.3078749058535113,34.0,36.0,70.0
1390,억압/NNG,2.769617447689789,14.0,7.0,21.0
1391,전순/NNG,11.770874152681602,17.0,2.0,19.0
1392,부국/NNG,7.47796710876243,27.0,5.0,32.0
1393,설명력/NNG,2.4500462037255826,23.0,13.0,36.0
1394,실증/NNG,2.176127994613406,22.0,14.0,36.0
1395,순포지션/NNG,14.655892327358467,127.0,12.0,139.0
1396,소지/NNG,1.3848087238448945,80.0,80.0,160.0
1397,이루어져/VV,2.0002792677759587,13.0,9.0,22.0
1398,수익구조/NNG,2.1926138127544164,38.0,24.0,62.0
1399,악성/NNG,1.5107004260126122,12.0,11.0,23.0
1400,국민은행채/NNG,14.540491600371393,21.0,2.0,23.0
1401,당정/NNG,1.3848087238448945,21.0,21.0,42.0
1402,순환매/NNG,1.5925300324216285,23.0,20.0,43.0
1403,재반/NNG,1.731010904806118,10.0,8.0,18.0
1404,취합/NNG,1.9782981769212775,20.0,14.0,34.0
1405,사금융/NNG,6.132724348455961,31.0,7.0,38.0
1406,통화정책/NNG;금리/NNG;인상/NNG,1.3848087238448945,9.0,9.0,18.0
1407,다분/NNG,3.0004189016639384,13.0,6.0,19.0
1408,잔존/NNG,1.3886027203485791,366.0,365.0,731.0
1409,교차/NNG,1.3848087238448945,20.0,20.0,40.0
1410,정립/NNG,1.3848087238448945,13.0,13.0,26.0
1411,유동비율/NNG,6.093158384917537,66.0,15.0,81.0
1412,파산/NNG,1.403029891263906,154.0,152.0,306.0
1413,개요/NNG,1.3848087238448945,41.0,41.0,82.0
1414,차종/NNG,1.3848087238448945,14.0,14.0,28.0
1415,저항/NNG,1.669358461621243,88.0,73.0,161.0
1416,금리/NNG;스프레드/NNG;확대/NNG,1.6156101778190437,14.0,12.0,26.0
1417,전망/NNG;인상/NNG,1.6925439958104267,11.0,9.0,20.0
1418,명회/NNG,1.3848087238448945,12.0,12.0,24.0
1419,금리/NNG;고점/NNG,1.6925439958104265,33.0,27.0,60.0
1420,위험/NNG;경계/NNG,1.3848087238448945,12.0,12.0,24.0
1421,마침/MAG,2.0772130857673416,15.0,10.0,25.0
1422,중후반/NNG,1.3848087238448945,63.0,63.0,126.0
1423,포격/NNG,2.571787629997661,13.0,7.0,20.0
1424,외환/NNG,1.86187201626993,281.0,209.0,490.0
1425,돌발/NNG,2.014267234683483,16.0,11.0,27.0
1426,조기상환/NNG,1.4868472613913604,102.0,95.0,197.0
1427,은은/NNG,1.3848087238448945,10.0,10.0,20.0
1428,연금저축/NNG,1.3848087238448945,15.0,15.0,30.0
1429,통화유통속도/NNG,10.15526397486256,22.0,3.0,25.0
1430,동료/NNG,1.3848087238448945,12.0,12.0,24.0
1431,순투자/NNG,1.3705323452485554,96.0,97.0,193.0
1432,출처/NNG,1.6571351256051876,286.0,239.0,525.0
1433,안전자산/NNG;선호/NNG,1.4173924585235975,87.0,85.0,172.0
1434,선뜻/MAG,1.6925439958104267,11.0,9.0,20.0
1435,정부정책/NNG,1.3848087238448945,137.0,137.0,274.0
1436,안전자산/NNG;선호/NNG;약화/NNG,1.4540491600371392,21.0,20.0,41.0
1437,수협/NNG,1.846411631793193,36.0,27.0,63.0
1438,전망/NNG;등급/NNG;하향/NNG,1.5107004260126122,12.0,11.0,23.0
1439,비급여/NNG,1.4913324718329632,14.0,13.0,27.0
1440,스트레스테스트/NNG,2.5588856853655657,85.0,46.0,131.0
1441,법칙/NNG,3.877464426765704,14.0,5.0,19.0
1442,효율성/NNG,1.4294799730011811,64.0,62.0,126.0
1443,전단채/NNG,1.7868499662514763,40.0,31.0,71.0
1444,바젤iii/NNG,2.261854248946661,49.0,30.0,79.0
1445,승인액/NNG,4.846830533457131,14.0,4.0,18.0
1446,취임식/NNG,4.154426171534683,15.0,5.0,20.0
1447,실직/NNG,1.9782981769212775,30.0,21.0,51.0
1448,전업/NNG,1.5952996498693184,144.0,125.0,269.0
1449,은행세/NNG,1.6995379792641887,27.0,22.0,49.0
1450,인기몰이/NNG,1.9782981769212775,10.0,7.0,17.0
1451,크라우드펀딩/NNG,29.080983200742786,21.0,1.0,22.0
1452,손실/NNG;부담/NNG,1.704379967809101,16.0,13.0,29.0
1453,플로어/NNG,1.63659212818033,13.0,11.0,24.0
1454,다소간/MAG,1.9174274637852389,36.0,26.0,62.0
1455,경제/NNG;성장률/NNG;상향/NNG,1.7310109048061182,15.0,12.0,27.0
1456,베이비부머/NNG,1.4713592690852002,17.0,16.0,33.0
1457,서두/NNG,1.7145250866651076,26.0,21.0,47.0
1458,유통비중/NNG,3.5609367184583003,18.0,7.0,25.0
1459,가격전가/NNG,3.877464426765704,14.0,5.0,19.0
1460,니어/NNG,4.500628352495907,13.0,4.0,17.0
1461,짐작/NNG,1.3848087238448945,17.0,17.0,34.0
1462,정확/MAG,1.3848087238448945,62.0,62.0,124.0
1463,gdp/NNG;호조/NNG,1.5107004260126122,12.0,11.0,23.0
1464,선거구/NNG,1.846411631793193,16.0,12.0,28.0
1465,편차/NNG,2.0195127222738045,35.0,24.0,59.0
1466,글로벌/NNG;수요/NNG;증가/NNG,1.5579098143255063,9.0,8.0,17.0
1467,전면전/NNG,1.9782981769212775,10.0,7.0,17.0
1468,반대매매/NNG,2.176127994613406,11.0,7.0,18.0
1469,호실적/NNG,1.47320077004776,50.0,47.0,97.0
1470,통화정책/NNG;긴축/NNG,1.644460359565812,19.0,16.0,35.0
1471,송유관/NNG,2.53881599371564,11.0,6.0,17.0
1472,유동성/NNG;축소/NNG,2.967447265381917,15.0,7.0,22.0
1473,금리/NNG;인하/NNG;경계/NNG,1.9782981769212775,10.0,7.0,17.0
1474,노치/NNG,1.955024080722204,24.0,17.0,41.0
1475,이루어짐/VV,3.231220355638087,14.0,6.0,20.0
1476,상승률/NNG;낮/VA,3.185060064843257,23.0,10.0,33.0
1477,gdp/NNG;부진/NNG,1.523289596229384,11.0,10.0,21.0
1478,매매수수료/NNG,1.480312773765232,31.0,29.0,60.0
1479,파란/VA,1.3848087238448945,9.0,9.0,18.0
1480,다루/VV,1.3848087238448945,20.0,20.0,40.0
1481,산업별/NNG,1.9387322133828528,21.0,15.0,36.0
1482,주식회사/NNG,1.5002094508319692,13.0,12.0,25.0
1483,평잔/NNG,3.489717984089134,63.0,25.0,88.0
1484,기은/NNG,1.90411199528673,11.0,8.0,19.0
1485,한산/NNG,1.4507519964089373,44.0,42.0,86.0
1486,대북/NNG,1.8793832680752136,38.0,28.0,66.0
1487,교역조건/NNG,1.4280839964650474,33.0,32.0,65.0
1488,예상/NNG;성장/NNG,1.3848087238448945,9.0,9.0,18.0
1489,변형/NNG,1.339155688992865,264.0,273.0,537.0
1490,자생력/NNG,1.5321288008496703,52.0,47.0,99.0
1491,완만/NNG;금리/NNG;상승/NNG,2.967447265381917,15.0,7.0,22.0
1492,환입/NNG,3.5609367184583003,36.0,14.0,50.0
1493,진균/NNG,3.442238827843023,174.0,70.0,244.0
1494,토의/NNG,1.523289596229384,11.0,10.0,21.0
1495,수출입은행/NNG,1.334144990045691,79.0,82.0,161.0
1496,자유무역협정/NNG,1.8002513409983627,13.0,10.0,23.0
1497,경제/NNG;견조/NNG;성장/NNG,2.0002792677759587,13.0,9.0,22.0
1498,특수채/NNG,1.3235970757427586,3157.0,3303.0,6460.0
1499,외화자금/NNG,1.3271083603513574,23.0,24.0,47.0
1500,기촉법/NNG,1.523289596229384,11.0,10.0,21.0
1501,신자유주의/NNG,2.1541469037587246,14.0,9.0,23.0
1502,구체/NNG,1.3023796331398412,79.0,84.0,163.0
1503,관문/NNG,1.3848087238448945,9.0,9.0,18.0
1504,국채선물시장/NNG,2.0378719288399303,259.0,176.0,435.0
1505,사업단/NNG,1.90411199528673,11.0,8.0,19.0
1506,개진/NNG,1.8464116317931925,48.0,36.0,84.0
1507,국세/NNG,1.3848087238448945,26.0,26.0,52.0
1508,흡수/NNG,1.4675962019008393,195.0,184.0,379.0
1509,환경규제/NNG,2.176127994613406,11.0,7.0,18.0
1510,수지/NNG,1.322886382534757,705.0,738.0,1443.0
1511,국고채/NNG;스프레드/NNG;축소/NNG,2.2594247599574597,62.0,38.0,100.0
1512,강국/NNG,2.0772130857673416,12.0,8.0,20.0
1513,볼드체/NNG,1.410937190332534,54.0,53.0,107.0
1514,방사능유출사태/NNG,29.080983200742786,21.0,1.0,22.0
1515,저항선/NNG,2.0641488525235223,79.0,53.0,132.0
1516,장기물/NNG;강세/NNG,1.8464116317931925,28.0,21.0,49.0
1517,해외부문/NNG,2.977338756266523,43.0,20.0,63.0
1518,재무구조/NNG;개선/NNG,1.3017202004142008,47.0,50.0,97.0
1519,드러낼/VV,2.571787629997661,13.0,7.0,20.0
1520,장단/NNG,1.681553450383086,17.0,14.0,31.0
1521,행이/NNG,1.3386484330500648,29.0,30.0,59.0
1522,방증/NNG,2.007972649575097,29.0,20.0,49.0
1523,가격/NNG;낮/VA,1.5107004260126122,12.0,11.0,23.0
1524,하락/NNG;안정/NNG,1.3078749058535113,17.0,18.0,35.0
1525,스냅/NNG,23.541748305363203,17.0,1.0,18.0
1526,무시/NNG,1.555538566510703,82.0,73.0,155.0
1527,숏커버/NNG,2.6157498117070226,34.0,18.0,52.0
1528,만기액/NNG,3.769757081577768,49.0,18.0,67.0
1529,준비금/NNG,2.157725220874603,67.0,43.0,110.0
1530,메인/VV,2.769617447689789,20.0,10.0,30.0
1531,가려져/VV,1.5579098143255063,9.0,8.0,17.0
1532,우려/NNG;하락/NNG,2.1401589368512006,17.0,11.0,28.0
1533,유형자산/NNG,1.4771293054345545,16.0,15.0,31.0
1534,국주/NNG,2.525239437599513,31.0,17.0,48.0
1535,금리재정거래/NNG,3.0465791924587684,33.0,15.0,48.0
1536,비아/NNG,2.769617447689789,12.0,6.0,18.0
1537,지원책/NNG,1.4713592690852002,34.0,32.0,66.0
1538,투기등급/NNG,1.6239123883936533,163.0,139.0,302.0
1539,바스캣/NNG,3.877464426765704,14.0,5.0,19.0
1540,구조조정기금/NNG,8.770455251017665,19.0,3.0,22.0
1541,하락/NNG;위험/NNG,1.5107004260126122,12.0,11.0,23.0
1542,매도전략/NNG,3.03993969857732,641.0,292.0,933.0
1543,자산/NNG;축소/NNG,1.5107004260126122,12.0,11.0,23.0
1544,카드업계/NNG,1.6156101778190437,14.0,12.0,26.0
1545,자산군/NNG,1.7106460706319286,42.0,34.0,76.0
1546,gdp/NNG;증가/NNG,1.8002513409983627,13.0,10.0,23.0
1547,조용/NNG,2.1541469037587246,14.0,9.0,23.0
1548,불확실성/NNG;줄/VV,1.9782981769212775,10.0,7.0,17.0
1549,무가/NNG,1.5579098143255063,9.0,8.0,17.0
1550,최상/NNG,1.731010904806118,10.0,8.0,18.0
1551,심리/NNG;안정/NNG,1.523289596229384,11.0,10.0,21.0
1552,시사점/NNG,1.6412547838161713,96.0,81.0,177.0
1553,내국/NNG,1.5386763598276605,10.0,9.0,19.0
1554,혁신기업/NNG,2.250314176247953,13.0,8.0,21.0
1555,경제매체/NNG,1.3848087238448945,10.0,10.0,20.0
1556,예상/NNG;하회/NNG,1.3137928918528488,37.0,39.0,76.0
1557,초과지준/NNG,1.3565473213174477,48.0,49.0,97.0
1558,재점검/NNG,1.3848087238448945,14.0,14.0,28.0
1559,지표/NNG;악화/NNG,1.3848087238448945,10.0,10.0,20.0
1560,중앙일보/NNG,1.3848087238448945,9.0,9.0,18.0
1561,떨치/VV,2.176127994613406,11.0,7.0,18.0
1562,올레/NNG,2.2915287216004803,139.0,84.0,223.0
1563,중요도/NNG,1.795122419798937,35.0,27.0,62.0
1564,수출/NNG;양호/NNG,3.635122900092848,21.0,8.0,29.0
1565,타이밍/NNG,1.5566463027161586,154.0,137.0,291.0
1566,후임/NNG,2.0002792677759587,13.0,9.0,22.0
1567,채로/NNG,2.769617447689789,12.0,6.0,18.0
1568,적수/NNG,2.0364834174189625,50.0,34.0,84.0
1569,우선/NNG,2.714225098735993,49.0,25.0,74.0
1570,헐값/NNG,4.500628352495907,13.0,4.0,17.0
1571,통화/NNG;강세/NNG,1.717162817567669,31.0,25.0,56.0
1572,리스크온/NNG,3.231220355638087,14.0,6.0,20.0
1573,양호/NNG;성장/NNG,1.3155682876526495,19.0,20.0,39.0
1574,평균값/NNG,1.5002094508319692,26.0,24.0,50.0
1575,시범/NNG,3.728331179582408,35.0,13.0,48.0
1576,은행/NNG;자본/NNG;확충/NNG,1.7540910502035332,19.0,15.0,34.0
1577,공급계약/NNG,1.5386763598276605,20.0,18.0,38.0
1578,유암/NNG,9.693661066914265,21.0,3.0,24.0
1579,원자재/NNG;상승/NNG,1.5579098143255063,9.0,8.0,17.0
1580,가성비/NNG,3.1652770830740447,16.0,7.0,23.0
1581,그러/NNG,1.3602988349272858,222.0,226.0,448.0
1582,경과물/NNG,1.3119240541688475,18.0,19.0,37.0
1583,수요층/NNG,1.6925439958104267,11.0,9.0,20.0
1584,물가/NNG;상승률/NNG;하락/NNG,1.3155682876526495,19.0,20.0,39.0
1585,경기/NNG;긍정적/VAX,1.62918673393517,20.0,17.0,37.0
1586,비우량/NNG,1.4559461582889817,307.0,292.0,599.0
1587,모디/NNG,5.965329887331853,56.0,13.0,69.0
1588,재정/NNG;흑자/NNG,1.90411199528673,11.0,8.0,19.0
1589,시중/NNG;금리/NNG;상승/NNG,1.4662680605416532,18.0,17.0,35.0
1590,안정/NNG;부정적/VAX;안정/NNG,1.9174274637852389,18.0,13.0,31.0
1591,등급업체/NNG,1.6877356321859651,39.0,32.0,71.0
1592,빈일자리/NNG,2.1541469037587246,14.0,9.0,23.0
1593,입출/NNG,1.582638541537022,24.0,21.0,45.0
1594,평탄/NNG,2.023951211773307,19.0,13.0,32.0
1595,재무구조/NNG;저하/NNG,2.53881599371564,11.0,6.0,17.0
1596,수출업체/NNG,1.4913324718329637,84.0,78.0,162.0
1597,발전사/NNG,1.9782981769212775,10.0,7.0,17.0
1598,국채입찰/NNG;부진/NNG,3.0004189016639384,13.0,6.0,19.0
1599,후광효과/NNG,1.5579098143255063,9.0,8.0,17.0
1600,공개매수/NNG,31.85060064843257,23.0,1.0,24.0
1601,갤러리/NNG,2.1675266981920087,36.0,23.0,59.0
1602,국고채/NNG;수급/NNG;호조/NNG,1.6617704686138732,12.0,10.0,22.0
1603,성장/NNG;전망/NNG;하향/NNG,1.8464116317931925,12.0,9.0,21.0
1604,경기/NNG;모멘텀/NNG;약화/NNG,1.3848087238448945,17.0,17.0,34.0
1605,수주산업/NNG,1.796508614717701,48.0,37.0,85.0
1606,부동산/NNG;거품/NNG,1.3848087238448945,10.0,10.0,20.0
1607,모기지/NNG,1.4578471586468404,499.0,474.0,973.0
1608,순유입액/NNG,1.6156101778190437,14.0,12.0,26.0
1609,일정금액/NNG,2.571787629997661,13.0,7.0,20.0
1610,현금창출력/NNG,1.8812495871100452,72.0,53.0,125.0
1611,추계/NNG,1.569449887024214,17.0,15.0,32.0
1612,원화/NNG;절하/NNG,2.0002792677759587,13.0,9.0,22.0
1613,만기월/NNG,1.8002513409983627,13.0,10.0,23.0
1614,환경부/NNG,1.7310109048061182,15.0,12.0,27.0
1615,당분간/MAG;수요측면/NNG;물가/NNG;상승/NNG;압력/NNG,1.9782981769212775,10.0,7.0,17.0
1616,필자/NNG,1.951321383599624,31.0,22.0,53.0
1617,부정적/VAX;안정/NNG,1.7624838303480477,14.0,11.0,25.0
1618,쿼터/NNG,2.130474959761376,20.0,13.0,33.0
1619,데스/NNG,2.130474959761376,20.0,13.0,33.0
1620,분해/NNG,1.4576933935209415,40.0,38.0,78.0
1621,알려졌으며/VV,1.9782981769212775,10.0,7.0,17.0
1622,버스트/NNG,1.3848087238448945,9.0,9.0,18.0
1623,부채비율/NNG;개선/NNG,1.9782981769212775,10.0,7.0,17.0
1624,사법/NNG,1.3294163748910983,24.0,25.0,49.0
1625,스왑베이시스/NNG;확대/NNG,2.176127994613406,11.0,7.0,18.0
1626,금리/NNG;인하/NNG;지지/NNG,1.6156101778190437,14.0,12.0,26.0
1627,금고/NNG,1.3709606366064455,99.0,100.0,199.0
1628,평형/NNG,1.8464116317931925,12.0,9.0,21.0
1629,선성/NNG,3.563845980483185,175.0,68.0,243.0
1630,금리/NNG;하락/NNG;되돌/VV,2.769617447689789,14.0,7.0,21.0
1631,싸늘/NNG,2.1541469037587246,14.0,9.0,23.0
1632,복무/NNG,1.5579098143255063,9.0,8.0,17.0
1633,신용공여액/NNG,1.6617704686138732,12.0,10.0,22.0
1634,정권/NNG,1.6320959959600545,198.0,168.0,366.0
1635,가깝/VV,1.6925439958104267,11.0,9.0,20.0
1636,유가/NNG;원자재/NNG;가격/NNG;상승/NNG,1.5107004260126122,12.0,11.0,23.0
1637,기업집단/NNG,1.3848087238448945,12.0,12.0,24.0
1638,건설기업/NNG,3.462021809612236,20.0,8.0,28.0
1639,약점/NNG,1.8793832680752136,19.0,14.0,33.0
1640,재보험/NNG,15.23289596229384,22.0,2.0,24.0
1641,인플레이션/NNG;압력/NNG;완화/NNG,1.523289596229384,11.0,10.0,21.0
1642,항셍/NNG,1.3245996488951166,22.0,23.0,45.0
1643,aa+등급/NNG,1.5925300324216285,23.0,20.0,43.0
1644,경기/NNG;지표/NNG;개선/NNG,1.9618123587802672,17.0,12.0,29.0
1645,합의안/NNG,1.6156101778190437,35.0,30.0,65.0
1646,취약성지수/NNG,3.9236247175605343,17.0,6.0,23.0
1647,상업/NNG,1.5810366806650211,282.0,247.0,529.0
1648,경쟁강도/NNG,1.3848087238448945,16.0,16.0,32.0
1649,우체국/NNG,2.176127994613406,11.0,7.0,18.0
1650,차익거래/NNG,1.4964868467356116,67.0,62.0,129.0
1651,산연/NNG,1.8883755325157652,15.0,11.0,26.0
1652,부정적/VAX;안정/NNG;하향/NNG,2.0002792677759587,13.0,9.0,22.0
1653,주석/NNG,1.884878540788884,49.0,36.0,85.0
1654,시추/NNG,1.90411199528673,44.0,32.0,76.0
1655,저평가/NNG;해소/NNG,1.523289596229384,11.0,10.0,21.0
1656,연고점/NNG,1.5345177750713694,41.0,37.0,78.0
1657,세계/NNG;경제/NNG;완만/NNG;회복/NNG,1.4662680605416532,18.0,17.0,35.0
1658,현대/NNG,1.302659053786299,222.0,236.0,458.0
1659,모스/NNG,1.4409496180548225,77.0,74.0,151.0
1660,속한/VV,1.5925300324216285,46.0,40.0,86.0
1661,자본이득/NNG,1.688791126640115,50.0,41.0,91.0
1662,증자/NNG,1.5386763598276605,30.0,27.0,57.0
1663,파업/NNG,1.3848087238448945,49.0,49.0,98.0
1664,중흥/NNG,1.8464116317931925,12.0,9.0,21.0
1665,펀더멘털/NNG;둔화/NNG,1.5386763598276605,10.0,9.0,19.0
1666,실수요/NNG,1.569449887024214,34.0,30.0,64.0
1667,벌금/NNG,3.339832804567098,41.0,17.0,58.0
1668,푸르/VA,1.3848087238448945,15.0,15.0,30.0
1669,소비/NNG;줄/VV,1.5002094508319692,13.0,12.0,25.0
1670,국책은행/NNG,3.0465791924587684,66.0,30.0,96.0
1671,소비재/NNG,1.8826157814361968,208.0,153.0,361.0
1672,pbr/NNG,1.8169476163922376,370.0,282.0,652.0
1673,소득/NNG;감소/NNG,1.731010904806118,10.0,8.0,18.0
1674,명칭/NNG,1.5107004260126122,12.0,11.0,23.0
1675,정책과제/NNG,2.0772130857673416,12.0,8.0,20.0
1676,민간/NNG;소비/NNG;개선/NNG,3.4620218096122364,15.0,6.0,21.0
1677,잉여금/NNG,2.769617447689789,42.0,21.0,63.0
1678,투자/NNG;활성화/NNG,1.7310109048061182,15.0,12.0,27.0
1679,원년/NNG,1.938732213382852,14.0,10.0,24.0
1680,보험약관/NNG,1.5386763598276605,10.0,9.0,19.0
1681,존중/NNG,2.0772130857673416,18.0,12.0,30.0
1682,이중침체/NNG,1.3621069414867817,60.0,61.0,121.0
1683,금리연동/NNG,2.176127994613406,11.0,7.0,18.0
1684,경제/NNG;긍정적/VAX,1.6617704686138732,30.0,25.0,55.0
1685,위금/NNG,3.095454794476823,38.0,17.0,55.0
1686,금리/NNG;하락/NNG;제한/NNG,1.33154684985086,25.0,26.0,51.0
1687,손익/NNG,2.142380555124749,263.0,170.0,433.0
1688,농민/NNG,3.956596353842556,20.0,7.0,27.0
1689,대외/NNG;여건/NNG;개선/NNG,1.4913324718329632,14.0,13.0,27.0
1690,오프닝/NNG,2.2660506390189186,18.0,11.0,29.0
1691,생보사/NNG,2.4772689393225336,161.0,90.0,251.0
1692,테일/NNG,1.53318108711399,31.0,28.0,59.0
1693,유통물/NNG,2.3739578123055334,12.0,7.0,19.0
1694,혼합형/NNG,1.585182976491262,356.0,311.0,667.0
1695,공시일/NNG,1.6858540985937844,28.0,23.0,51.0
1696,고변동성/NNG,1.681553450383086,17.0,14.0,31.0
1697,스리/NNG,2.117942754115721,26.0,17.0,43.0
1698,보험부채/NNG,1.63659212818033,13.0,11.0,24.0
1699,분할매수/NNG,1.573646277096471,25.0,22.0,47.0
1700,믹스/NNG,2.5178340433543536,40.0,22.0,62.0
1701,예시/NNG,1.5166952689729798,23.0,21.0,44.0
1702,경기/NNG;하방/NNG;위험/NNG,1.4360979358391497,28.0,27.0,55.0
1703,전망/NNG;부진/NNG,2.0002792677759587,13.0,9.0,22.0
1704,금리/NNG;인하/NNG;미루/VV,1.8464116317931925,12.0,9.0,21.0
1705,간다/VV,1.9233454497845757,25.0,18.0,43.0
1706,채무비율/NNG,1.5386763598276605,10.0,9.0,19.0
1707,수주/NNG;부진/NNG,2.1541469037587246,14.0,9.0,23.0
1708,개선/NNG;효과/NNG,1.3848087238448945,28.0,28.0,56.0
1709,프로퍼티/NNG,2.6157498117070226,17.0,9.0,26.0
1710,위험/NNG;없/VA;않/VX,1.5579098143255063,9.0,8.0,17.0
1711,변동계수/NNG,1.731010904806118,10.0,8.0,18.0
1712,위탁매매/NNG,1.5579098143255063,9.0,8.0,17.0
1713,특정금전신탁/NNG,2.30801453974149,15.0,9.0,24.0
1714,부패/NNG,1.53318108711399,31.0,28.0,59.0
1715,미/NNG;국채/NNG;금리/NNG;급등/NNG,2.176127994613406,11.0,7.0,18.0
1716,명목/NNG,1.3355710803304095,434.0,450.0,884.0
1717,줄어든다는/VV,1.523289596229384,11.0,10.0,21.0
1718,투자여력/NNG,3.6005026819967254,13.0,5.0,18.0
1719,새로이/MAG,1.4913324718329632,14.0,13.0,27.0
1720,연회비/NNG,3.6005026819967254,13.0,5.0,18.0
1721,금리/NNG;부담/NNG;완화/NNG,1.9782981769212775,10.0,7.0,17.0
1722,대손비용/NNG,1.523289596229384,44.0,40.0,84.0
1723,파워/NNG,1.5826385415370223,136.0,119.0,255.0
1724,굳이/MAG,1.5548729530890044,64.0,57.0,121.0
1725,총괄/NNG,2.048190148441251,247.0,167.0,414.0
1726,유망섹터/NNG,2.769617447689789,12.0,6.0,18.0
1727,역설/NNG,1.5069977288900325,37.0,34.0,71.0
1728,총합계/NNG,1.8002513409983627,26.0,20.0,46.0
1729,다다를/VV,1.938732213382852,14.0,10.0,24.0
1730,적순/NNG,1.4635943405187837,483.0,457.0,940.0
1731,세밀/NNG,1.6156101778190437,14.0,12.0,26.0
1732,국채선물/NNG;가격/NNG;상승/NNG,1.731010904806118,10.0,8.0,18.0
1733,bw/NNG,1.5386763598276605,60.0,54.0,114.0
1734,대여금/NNG,1.731010904806118,20.0,16.0,36.0
1735,베이비스텝/NNG,2.53881599371564,11.0,6.0,17.0
1736,예상/NNG;높/VA,1.423275632840586,37.0,36.0,73.0
1737,경쟁입찰/NNG,1.5526643267351847,74.0,66.0,140.0
1738,비수기/NNG,1.930339433238338,46.0,33.0,79.0
1739,공급자/NNG,1.3848087238448947,11.0,11.0,22.0
1740,자본주의/NNG,2.30801453974149,15.0,9.0,24.0
1741,초장기물/NNG,2.17124330775681,127.0,81.0,208.0
1742,경기/NNG;개선/NNG,1.3440790554965154,66.0,68.0,134.0
1743,견지/NNG,1.4886693781332614,43.0,40.0,83.0
1744,일반은행/NNG,1.9096959014312656,171.0,124.0,295.0
1745,관전/NNG,1.4463557782380008,47.0,45.0,92.0
1746,함정/NNG,2.3541748305363206,17.0,10.0,27.0
1747,유의미/NNG,2.53881599371564,33.0,18.0,51.0
1748,운송/NNG,1.7624838303480477,448.0,352.0,800.0
1749,표준편차/NNG,2.163763631007648,50.0,32.0,82.0
1750,경기/NNG;방어/NNG,1.731010904806118,10.0,8.0,18.0
1751,조각/NNG,10.15526397486256,22.0,3.0,25.0
1752,ff/NNG;금리선물/NNG;시장/NNG;금리/NNG;인하/NNG,1.6156101778190437,14.0,12.0,26.0
1753,지도부/NNG,1.3119240541688475,18.0,19.0,37.0
1754,외국인지분율/NNG,4.500628352495907,26.0,8.0,34.0
1755,토목/NNG,1.603462732873036,22.0,19.0,41.0
1756,신산업/NNG,4.067875626294377,47.0,16.0,63.0
1757,온도/NNG,1.5579098143255063,9.0,8.0,17.0
1758,일드스프레드/NNG,2.250314176247953,26.0,16.0,42.0
1759,채권시장/NNG;약세/NNG,1.992773529435336,118.0,82.0,200.0
1760,금리/NNG;스프레드/NNG;부담/NNG,15.23289596229384,33.0,3.0,36.0
1761,변동성/NNG;축소/NNG,1.6617704686138737,18.0,15.0,33.0
1762,최종재/NNG,1.4913324718329632,14.0,13.0,27.0
1763,재할인율/NNG,1.5579098143255063,9.0,8.0,17.0
1764,단과/NNG,1.8883755325157652,15.0,11.0,26.0
1765,신중히/MAG,1.717162817567669,31.0,25.0,56.0
1766,성장기반/NNG,2.014267234683483,16.0,11.0,27.0
1767,정상화계획/NNG,3.1652770830740447,16.0,7.0,23.0
1768,쌍둥이적자/NNG,2.0772130857673416,24.0,16.0,40.0
1769,인포/NNG,2.0772130857673416,15.0,10.0,25.0
1770,가수급/NNG,2.4437801009027558,30.0,17.0,47.0
1771,요구불/NNG,2.343522455737514,22.0,13.0,35.0
1772,대외/NNG;불확실성/NNG;확대/NNG,1.8464116317931925,12.0,9.0,21.0
1773,충당금전입액/NNG,1.3848087238448947,11.0,11.0,22.0
1774,예대/NNG,1.8002513409983627,13.0,10.0,23.0
1775,벌이/VV,1.3078749058535113,17.0,18.0,35.0
1776,단서/NNG,2.1101847220493632,32.0,21.0,53.0
1777,바스켓/NNG,2.53881599371564,22.0,12.0,34.0
1778,물가/NNG;상승/NNG;둔화/NNG,1.7310109048061175,25.0,20.0,45.0
1779,욕구/NNG,1.4391149483094,53.0,51.0,104.0
1780,고채/NNG,1.6098401414696897,93.0,80.0,173.0
1781,이자수익/NNG,1.3315468498508602,125.0,130.0,255.0
1782,메디케이드/NNG,2.769617447689789,12.0,6.0,18.0
1783,싸우/VV,11.474129426143412,58.0,7.0,65.0
1784,국채/NNG;스프레드/NNG;축소/NNG,1.4507519964089373,22.0,21.0,43.0
1785,발사/NNG,2.3876012480084388,50.0,29.0,79.0
1786,실수/NNG,1.318865451280852,20.0,21.0,41.0
1787,경제/NNG;성장률/NNG;둔화/NNG,1.3848087238448947,22.0,22.0,44.0
1788,드신/VV,23.541748305363203,17.0,1.0,18.0
1789,쌓이/VV,2.3623207642059967,29.0,17.0,46.0
1790,개인연금/NNG,5.366133804898966,31.0,8.0,39.0
1791,수요조사/NNG,2.0772130857673416,15.0,10.0,25.0
1792,자치구/NNG,1.846411631793193,20.0,15.0,35.0
1793,월보/NNG,1.970689337779273,37.0,26.0,63.0
1794,신발/NNG,1.3848087238448945,9.0,9.0,18.0
1795,악화/NNG;부정적/VAX,1.4913324718329632,14.0,13.0,27.0
1796,상하이/NNG,1.711777450308272,89.0,72.0,161.0
1797,기준선/NNG,1.4913324718329637,42.0,39.0,81.0
1798,역성장/NNG,1.4947141781182989,68.0,63.0,131.0
1799,금리/NNG;약세/NNG,1.5826385415370223,16.0,14.0,30.0
1800,전망/NNG;확대/NNG,3.0004189016639384,13.0,6.0,19.0
1801,감독청/NNG,2.967447265381917,15.0,7.0,22.0
1802,개선/NNG;조짐/NNG,1.3078749058535113,17.0,18.0,35.0
1803,정부채/NNG,2.0772130857673416,15.0,10.0,25.0
1804,자본/NNG;확충/NNG,1.4477545749287537,46.0,44.0,90.0
1805,무역협정/NNG,1.4402010727986905,26.0,25.0,51.0
1806,징역/NNG,1.9618123587802672,17.0,12.0,29.0
1807,연이/NNG,1.5978562198210322,15.0,13.0,28.0
1808,운용자산/NNG,1.9988276863044232,153.0,106.0,259.0
1809,인플레이션갭/NNG,1.4255383921932736,105.0,102.0,207.0
1810,저축은행/NNG,1.3056767967680434,198.0,210.0,408.0
1811,금리/NNG;스프레드/NNG;축소/NNG,1.6925439958104267,11.0,9.0,20.0
1812,하비/NNG,11.770874152681602,17.0,2.0,19.0
1813,출자/NNG,1.3374648358501973,113.0,117.0,230.0
1814,압류/NNG,2.271086307105626,41.0,25.0,66.0
1815,상저하고/NNG,1.4360979358391497,56.0,54.0,110.0
1816,중앙값/NNG,2.123373376562172,23.0,15.0,38.0
1817,설날/NNG,1.3848087238448945,15.0,15.0,30.0
1818,서브프라임사태/NNG,1.5305780631969887,21.0,19.0,40.0
1819,국제기구/NNG,1.4280839964650474,33.0,32.0,65.0
1820,위탁/NNG,1.5579098143255063,36.0,32.0,68.0
1821,전역/NNG,1.577143268823352,41.0,36.0,77.0
1822,식량/NNG,2.4234152667285653,14.0,8.0,22.0
1823,지분가치/NNG,1.938732213382852,14.0,10.0,24.0
1824,리비전/NNG,3.288920719131624,19.0,8.0,27.0
1825,성장/NNG;확대/NNG,1.7624838303480477,14.0,11.0,25.0
1826,기운/NNG,1.7310109048061182,15.0,12.0,27.0
1827,일으키/VV,1.351032901312092,40.0,41.0,81.0
1828,관세율/NNG,2.696732778013742,37.0,19.0,56.0
1829,축역/NNG,1.90411199528673,22.0,16.0,38.0
1830,휴전/NNG,2.3849483577328736,31.0,18.0,49.0
1831,결산/NNG,1.399233814718279,97.0,96.0,193.0
1832,주거비/NNG,1.9343359952119163,176.0,126.0,302.0
1833,량도/NNG,1.5579098143255063,9.0,8.0,17.0
1834,긍정적/VAX;안정/NNG;상향/NNG,1.8464116317931925,12.0,9.0,21.0
1835,우려/NNG;확산/NNG,1.967886081253271,27.0,19.0,46.0
1836,주원/NNG,5.06171464577789,106.0,29.0,135.0
1837,외환당국/NNG,1.3008809223997493,62.0,66.0,128.0
1838,인플레이션/NNG;압력/NNG,1.62918673393517,40.0,34.0,74.0
1839,좀비기업/NNG,24.464954121259805,53.0,3.0,56.0
1840,소비/NNG;심리/NNG;개선/NNG,2.343522455737514,22.0,13.0,35.0
1841,시야/NNG,2.4234152667285658,21.0,12.0,33.0
1842,육상/NNG,1.4507519964089373,44.0,42.0,86.0
1843,인상/NNG;인하/NNG;인상/NNG,1.9782981769212775,10.0,7.0,17.0
1844,포지션/NNG,1.3241601665962128,655.0,685.0,1340.0
1845,국산차/NNG,2.967447265381917,15.0,7.0,22.0
1846,소매/NNG;판매/NNG;증가/NNG,1.846411631793193,16.0,12.0,28.0
1847,경기선/NNG,1.6925439958104267,11.0,9.0,20.0
1848,방편/NNG,4.846830533457131,14.0,4.0,18.0
1849,세세/NNG,1.3848087238448947,11.0,11.0,22.0
1850,소맥/NNG,1.5166952689729798,23.0,21.0,44.0
1851,간소/NNG,1.4360979358391497,28.0,27.0,55.0
1852,목차/NNG,1.8464116317931925,12.0,9.0,21.0
1853,기울/VV,1.5445943458269975,29.0,26.0,55.0
1854,유사시/NNG,1.545832994059417,48.0,43.0,91.0
1855,주호/NNG,1.4477545749287537,23.0,22.0,45.0
1856,반증/NNG,2.468572072940898,41.0,23.0,64.0
1857,표치/NNG,2.1541469037587246,14.0,9.0,23.0
1858,지급능력/NNG,3.6005026819967254,26.0,10.0,36.0
1859,디아/NNG,14.540491600371393,21.0,2.0,23.0
1860,복원력/NNG,1.523289596229384,11.0,10.0,21.0
1861,전문직/NNG,3.3235409372277465,12.0,5.0,17.0
1862,벤처/NNG,1.3848087238448947,39.0,39.0,78.0
1863,과중/NNG,1.7753957998011467,50.0,39.0,89.0
1864,뛰어들/VV,1.3848087238448945,17.0,17.0,34.0
1865,종사자수/NNG,13.386484330500648,29.0,3.0,32.0
1866,안정/NNG;긍정적/VAX,1.487387147833405,29.0,27.0,56.0
1867,해체/NNG,1.3078749058535113,17.0,18.0,35.0
1868,넓힌/VV,2.176127994613406,11.0,7.0,18.0
1869,역기/NNG,1.731010904806118,10.0,8.0,18.0
1870,광의/NNG,1.3232616694517878,43.0,45.0,88.0
1871,실지/MAG,2.769617447689789,12.0,6.0,18.0
1872,인상기/NNG,1.6350753606843331,98.0,83.0,181.0
1873,인상/NNG;금리/NNG;인상/NNG;금리/NNG;인상/NNG,2.215693958151831,16.0,10.0,26.0
1874,중형주/NNG,1.8002513409983627,26.0,20.0,46.0
1875,유가/NNG;하락/NNG,1.472733087263618,67.0,63.0,130.0
1876,통화/NNG;하락/NNG,1.3848087238448945,16.0,16.0,32.0
1877,지키/VV,1.421251058682918,39.0,38.0,77.0
1878,석수/NNG,2.5099658119688715,29.0,16.0,45.0
1879,고수익/NNG,1.6063781196600777,29.0,25.0,54.0
1880,소용돌이/NNG,6.924043619224473,15.0,3.0,18.0
1881,투명/NNG,1.3641399369218363,66.0,67.0,133.0
1882,국민당/NNG,2.596516357209177,15.0,8.0,23.0
1883,미정/NNG,1.8694917771906077,54.0,40.0,94.0
1884,무역협회/NNG,2.3739578123055334,12.0,7.0,19.0
1885,장기물/NNG;순매수/NNG;강화/NNG,2.596516357209177,30.0,16.0,46.0
1886,기대/VV,1.688791126640115,50.0,41.0,91.0
1887,어긋나/VV,3.1652770830740447,16.0,7.0,23.0
1888,퍼시픽/NNG,2.967447265381917,15.0,7.0,22.0
1889,매수전략/NNG,4.402537734556894,763.0,240.0,1003.0
1890,장려금/NNG,1.5386763598276605,10.0,9.0,19.0
1891,기온/NNG,3.758766536150428,19.0,7.0,26.0
1892,성장/NNG;경로/NNG;불확실성/NNG;높/VA,2.769617447689789,16.0,8.0,24.0
1893,새삼/MAG,1.3119240541688475,18.0,19.0,37.0
1894,담당/NNG,1.335740698196847,245.0,254.0,499.0
1895,비이/NNG,1.6925439958104267,11.0,9.0,20.0
1896,데이/NNG,2.1401589368512006,17.0,11.0,28.0
1897,대량/NNG,1.364443889670705,67.0,68.0,135.0
1898,디레버리지/NNG,1.3119240541688475,18.0,19.0,37.0
1899,크로스/NNG,4.846830533457131,14.0,4.0,18.0
1900,메타버스/NNG,3.288920719131624,19.0,8.0,27.0
1901,연출/NNG,1.413658905591663,49.0,48.0,97.0
1902,잣대/NNG,2.571787629997661,13.0,7.0,20.0
1903,시퀘스터/NNG,19.387322133828523,112.0,8.0,120.0
1904,구정/NNG,2.1401589368512006,17.0,11.0,28.0
1905,스스로/NNG,1.5526643267351847,37.0,33.0,70.0
1906,杞憂/NNG,4.846830533457131,14.0,4.0,18.0
1907,예금자/NNG,1.8254296814319064,29.0,22.0,51.0
1908,미/NNG;금리/NNG;하락/NNG,2.9015039928178745,44.0,21.0,65.0
1909,후발주자/NNG,1.90411199528673,11.0,8.0,19.0
1910,고용시장/NNG;둔화/NNG,1.90411199528673,11.0,8.0,19.0
1911,유동성/NNG;악화/NNG,1.523289596229384,11.0,10.0,21.0
1912,신용등급/NNG;상승/NNG,2.236998707749445,21.0,13.0,34.0
1913,추적/NNG,2.3623207642059967,29.0,17.0,46.0
1914,적립금/NNG,1.6680650537222594,53.0,44.0,97.0
1915,의뢰/NNG,1.5978562198210322,15.0,13.0,28.0
1916,환율보고서/NNG,1.9123549043572357,29.0,21.0,50.0
1917,채권분석/NNG,1.360189902087652,221.0,225.0,446.0
1918,금리/NNG;하락/NNG;압력/NNG,1.582638541537022,24.0,21.0,45.0
1919,국방/NNG,1.603462732873036,44.0,38.0,82.0
1920,고용/NNG;지표/NNG;부진/NNG,2.336864721488259,27.0,16.0,43.0
1921,위안/NNG,1.3655574440880145,1064.0,1079.0,2143.0
1922,발행조건/NNG,1.6156101778190437,14.0,12.0,26.0
1923,총평/NNG,1.4837236326909584,15.0,14.0,29.0
1924,순매도세/NNG,1.3848087238448945,19.0,19.0,38.0
1925,비동조화/NNG,13.848087238448944,20.0,2.0,22.0
1926,차갑/VA,1.731010904806118,10.0,8.0,18.0
1927,공식화/NNG,1.6925439958104267,11.0,9.0,20.0
1928,이율/NNG,2.008733533489297,132.0,91.0,223.0
1929,현금배당/NNG,1.5002094508319692,13.0,12.0,25.0
1930,의사록/NNG,1.3049159128538428,392.0,416.0,808.0
1931,rbc비율/NNG,1.5386763598276605,40.0,36.0,76.0
1932,사칭/NNG,4.154426171534683,21.0,7.0,28.0
1933,미분양/NNG,1.5715245068352173,101.0,89.0,190.0
1934,가맹점/NNG,1.4540491600371392,42.0,40.0,82.0
1935,초단/NNG,1.5305780631969887,21.0,19.0,40.0
1936,설득력/NNG,1.5166952689729798,23.0,21.0,44.0
1937,이표/NNG,3.30815417362947,215.0,90.0,305.0
1938,총채/NNG,1.6975074679389026,38.0,31.0,69.0
1939,여력/NNG;확보/NNG,2.1401589368512006,17.0,11.0,28.0
1940,편승/NNG,2.163763631007648,25.0,16.0,41.0
1941,불안/NNG;확산/NNG,1.6763474025490828,23.0,19.0,42.0
1942,실적치/NNG,1.63659212818033,13.0,11.0,24.0
1943,그리스사태/NNG,2.123373376562172,23.0,15.0,38.0
1944,대립/NNG,1.3294163748910983,72.0,75.0,147.0
1945,수출/NNG;긍정적/VAX,1.523289596229384,11.0,10.0,21.0
1946,박진/NNG,3.4132609390543176,175.0,71.0,246.0
1947,고소득층/NNG,1.8109037157971697,17.0,13.0,30.0
1948,기대/NNG;강화/NNG,1.3155682876526495,19.0,20.0,39.0
1949,자본비율/NNG,1.5765514702234185,222.0,195.0,417.0
